timestamp,datapath_id,flow_id,ip_src,tp_src,ip_dst,tp_dst,ip_proto,icmp_code,icmp_type,flow_duration_sec,flow_duration_nsec,idle_timeout,hard_timeout,flags,packet_count,byte_count,packet_count_per_second,packet_count_per_nsecond,byte_count_per_second,byte_count_per_nsecond
1705684951.765311,3,10.0.0.2890010.0.0.3342306,10.0.0.2,8900,10.0.0.33,4230,6,-1,-1,17,8000000,20,100,0,0,0,0.0,0.0,0.0,0.0
1705684951.765311,3,10.0.0.2890010.0.0.33294596,10.0.0.2,8900,10.0.0.33,29459,6,-1,-1,16,969000000,20,100,0,0,0,0.0,0.0,0.0,0.0
1705684951.765311,3,10.0.0.2890010.0.0.33331996,10.0.0.2,8900,10.0.0.33,33199,6,-1,-1,16,926000000,20,100,0,0,0,0.0,0.0,0.0,0.0
1705684951.765311,3,10.0.0.2890010.0.0.33562006,10.0.0.2,8900,10.0.0.33,56200,6,-1,-1,16,887000000,20,100,0,0,0,0.0,0.0,0.0,0.0
1705684951.765311,3,10.0.0.2890010.0.0.33415356,10.0.0.2,8900,10.0.0.33,41535,6,-1,-1,16,852000000,20,100,0,0,0,0.0,0.0,0.0,0.0
1705684951.765311,3,10.0.0.2890010.0.0.33429996,10.0.0.2,8900,10.0.0.33,42999,6,-1,-1,16,811000000,20,100,0,0,0,0.0,0.0,0.0,0.0
1705684951.765311,3,10.0.0.2890010.0.0.3311016,10.0.0.2,8900,10.0.0.33,1101,6,-1,-1,16,764000000,20,100,0,0,0,0.0,0.0,0.0,0.0
1705684951.765311,3,10.0.0.2890010.0.0.3328236,10.0.0.2,8900,10.0.0.33,2823,6,-1,-1,16,724000000,20,100,0,0,0,0.0,0.0,0.0,0.0
1705684951.765311,3,10.0.0.2890010.0.0.33319566,10.0.0.2,8900,10.0.0.33,31956,6,-1,-1,16,683000000,20,100,0,0,0,0.0,0.0,0.0,0.0
1705684951.765311,3,10.0.0.2890010.0.0.33424976,10.0.0.2,8900,10.0.0.33,42497,6,-1,-1,16,642000000,20,100,0,0,0,0.0,0.0,0.0,0.0
1705684951.765311,3,10.0.0.2890010.0.0.33492706,10.0.0.2,8900,10.0.0.33,49270,6,-1,-1,16,590000000,20,100,0,0,0,0.0,0.0,0.0,0.0
1705684951.765311,3,10.0.0.2890010.0.0.33372186,10.0.0.2,8900,10.0.0.33,37218,6,-1,-1,16,529000000,20,100,0,0,0,0.0,0.0,0.0,0.0
1705684951.765311,3,10.0.0.2890010.0.0.33301486,10.0.0.2,8900,10.0.0.33,30148,6,-1,-1,16,484000000,20,100,0,0,0,0.0,0.0,0.0,0.0
1705684951.765311,3,10.0.0.2890010.0.0.33230496,10.0.0.2,8900,10.0.0.33,23049,6,-1,-1,16,444000000,20,100,0,0,0,0.0,0.0,0.0,0.0
1705684951.765311,3,10.0.0.2890010.0.0.33341426,10.0.0.2,8900,10.0.0.33,34142,6,-1,-1,16,405000000,20,100,0,0,0,0.0,0.0,0.0,0.0
1705684951.765311,3,10.0.0.2890010.0.0.33504846,10.0.0.2,8900,10.0.0.33,50484,6,-1,-1,16,347000000,20,100,0,0,0,0.0,0.0,0.0,0.0
1705684951.765311,3,10.0.0.2890010.0.0.33631826,10.0.0.2,8900,10.0.0.33,63182,6,-1,-1,16,302000000,20,100,0,0,0,0.0,0.0,0.0,0.0
1705684951.765311,3,10.0.0.2890010.0.0.33527626,10.0.0.2,8900,10.0.0.33,52762,6,-1,-1,16,259000000,20,100,0,0,0,0.0,0.0,0.0,0.0
1705684951.765311,3,10.0.0.2890010.0.0.3332706,10.0.0.2,8900,10.0.0.33,3270,6,-1,-1,16,210000000,20,100,0,0,0,0.0,0.0,0.0,0.0
1705684951.765311,3,10.0.0.2890010.0.0.33195206,10.0.0.2,8900,10.0.0.33,19520,6,-1,-1,16,168000000,20,100,0,0,0,0.0,0.0,0.0,0.0
1705684951.765311,3,10.0.0.2890010.0.0.33271326,10.0.0.2,8900,10.0.0.33,27132,6,-1,-1,16,129000000,20,100,0,0,0,0.0,0.0,0.0,0.0
1705684951.765311,3,10.0.0.2890010.0.0.3344036,10.0.0.2,8900,10.0.0.33,4403,6,-1,-1,16,85000000,20,100,0,0,0,0.0,0.0,0.0,0.0
1705684951.765311,3,10.0.0.2890010.0.0.33403376,10.0.0.2,8900,10.0.0.33,40337,6,-1,-1,16,52000000,20,100,0,0,0,0.0,0.0,0.0,0.0
1705684951.765311,3,10.0.0.2890010.0.0.33419646,10.0.0.2,8900,10.0.0.33,41964,6,-1,-1,16,8000000,20,100,0,0,0,0.0,0.0,0.0,0.0
1705684951.765311,3,10.0.0.2890010.0.0.33350326,10.0.0.2,8900,10.0.0.33,35032,6,-1,-1,15,970000000,20,100,0,0,0,0.0,0.0,0.0,0.0
1705684951.765311,3,10.0.0.2890010.0.0.33275736,10.0.0.2,8900,10.0.0.33,27573,6,-1,-1,15,920000000,20,100,0,0,0,0.0,0.0,0.0,0.0
1705684951.765311,3,10.0.0.2890010.0.0.33111106,10.0.0.2,8900,10.0.0.33,11110,6,-1,-1,15,866000000,20,100,0,0,0,0.0,0.0,0.0,0.0
1705684951.765311,3,10.0.0.2890010.0.0.33165156,10.0.0.2,8900,10.0.0.33,16515,6,-1,-1,15,810000000,20,100,0,0,0,0.0,0.0,0.0,0.0
1705684951.765311,3,10.0.0.2890010.0.0.33280676,10.0.0.2,8900,10.0.0.33,28067,6,-1,-1,15,755000000,20,100,0,0,0,0.0,0.0,0.0,0.0
1705684951.765311,3,10.0.0.2890010.0.0.33322106,10.0.0.2,8900,10.0.0.33,32210,6,-1,-1,15,714000000,20,100,0,0,0,0.0,0.0,0.0,0.0
1705684951.765311,3,10.0.0.2890010.0.0.33537286,10.0.0.2,8900,10.0.0.33,53728,6,-1,-1,15,649000000,20,100,0,0,0,0.0,0.0,0.0,0.0
1705684951.765311,3,10.0.0.2890010.0.0.33300786,10.0.0.2,8900,10.0.0.33,30078,6,-1,-1,15,611000000,20,100,0,0,0,0.0,0.0,0.0,0.0
1705684951.765311,3,10.0.0.2890010.0.0.3378626,10.0.0.2,8900,10.0.0.33,7862,6,-1,-1,15,559000000,20,100,0,0,0,0.0,0.0,0.0,0.0
1705684951.765311,3,10.0.0.2890010.0.0.33379566,10.0.0.2,8900,10.0.0.33,37956,6,-1,-1,15,526000000,20,100,0,0,0,0.0,0.0,0.0,0.0
1705684951.765311,3,10.0.0.2890010.0.0.33375286,10.0.0.2,8900,10.0.0.33,37528,6,-1,-1,15,485000000,20,100,0,0,0,0.0,0.0,0.0,0.0
1705684951.765311,3,10.0.0.2890010.0.0.3368136,10.0.0.2,8900,10.0.0.33,6813,6,-1,-1,15,436000000,20,100,0,0,0,0.0,0.0,0.0,0.0
1705684951.765311,3,10.0.0.2890010.0.0.33334286,10.0.0.2,8900,10.0.0.33,33428,6,-1,-1,15,396000000,20,100,0,0,0,0.0,0.0,0.0,0.0
1705684951.765311,3,10.0.0.2890010.0.0.33551046,10.0.0.2,8900,10.0.0.33,55104,6,-1,-1,15,350000000,20,100,0,0,0,0.0,0.0,0.0,0.0
1705684951.765311,3,10.0.0.2890010.0.0.33155966,10.0.0.2,8900,10.0.0.33,15596,6,-1,-1,15,310000000,20,100,0,0,0,0.0,0.0,0.0,0.0
1705684951.765311,3,10.0.0.2890010.0.0.3335306,10.0.0.2,8900,10.0.0.33,3530,6,-1,-1,15,248000000,20,100,0,0,0,0.0,0.0,0.0,0.0
1705684951.765311,3,10.0.0.2890010.0.0.33575136,10.0.0.2,8900,10.0.0.33,57513,6,-1,-1,15,208000000,20,100,0,0,0,0.0,0.0,0.0,0.0
1705684951.765311,3,10.0.0.2890010.0.0.33541456,10.0.0.2,8900,10.0.0.33,54145,6,-1,-1,15,163000000,20,100,0,0,0,0.0,0.0,0.0,0.0
1705684951.765311,3,10.0.0.2890010.0.0.3367056,10.0.0.2,8900,10.0.0.33,6705,6,-1,-1,15,120000000,20,100,0,0,0,0.0,0.0,0.0,0.0
1705684951.765311,3,10.0.0.2890010.0.0.33351976,10.0.0.2,8900,10.0.0.33,35197,6,-1,-1,15,44000000,20,100,0,0,0,0.0,0.0,0.0,0.0
1705684951.765311,3,10.0.0.2890010.0.0.33361766,10.0.0.2,8900,10.0.0.33,36176,6,-1,-1,14,997000000,20,100,0,0,0,0.0,0.0,0.0,0.0
1705684951.765311,3,10.0.0.2890010.0.0.33195666,10.0.0.2,8900,10.0.0.33,19566,6,-1,-1,14,954000000,20,100,0,0,0,0.0,0.0,0.0,0.0
1705684951.765311,3,10.0.0.2890010.0.0.33563436,10.0.0.2,8900,10.0.0.33,56343,6,-1,-1,14,908000000,20,100,0,0,0,0.0,0.0,0.0,0.0
1705684951.765311,3,10.0.0.2890010.0.0.33327846,10.0.0.2,8900,10.0.0.33,32784,6,-1,-1,14,843000000,20,100,0,0,0,0.0,0.0,0.0,0.0
1705684951.765311,3,10.0.0.2890010.0.0.33440776,10.0.0.2,8900,10.0.0.33,44077,6,-1,-1,14,788000000,20,100,0,0,0,0.0,0.0,0.0,0.0
1705684951.765311,3,10.0.0.2890010.0.0.33348216,10.0.0.2,8900,10.0.0.33,34821,6,-1,-1,14,746000000,20,100,0,0,0,0.0,0.0,0.0,0.0
1705684951.765311,3,10.0.0.2890010.0.0.33252456,10.0.0.2,8900,10.0.0.33,25245,6,-1,-1,14,688000000,20,100,0,0,0,0.0,0.0,0.0,0.0
1705684951.765311,3,10.0.0.2890010.0.0.33285506,10.0.0.2,8900,10.0.0.33,28550,6,-1,-1,14,641000000,20,100,0,0,0,0.0,0.0,0.0,0.0
1705684951.765311,3,10.0.0.2890010.0.0.33629506,10.0.0.2,8900,10.0.0.33,62950,6,-1,-1,14,593000000,20,100,0,0,0,0.0,0.0,0.0,0.0
1705684951.765311,3,10.0.0.2890010.0.0.33266806,10.0.0.2,8900,10.0.0.33,26680,6,-1,-1,14,549000000,20,100,0,0,0,0.0,0.0,0.0,0.0
1705684951.765311,3,10.0.0.2890010.0.0.33425036,10.0.0.2,8900,10.0.0.33,42503,6,-1,-1,14,495000000,20,100,0,0,0,0.0,0.0,0.0,0.0
1705684951.765311,3,10.0.0.2890010.0.0.33465836,10.0.0.2,8900,10.0.0.33,46583,6,-1,-1,14,459000000,20,100,0,0,0,0.0,0.0,0.0,0.0
1705684951.765311,3,10.0.0.2890010.0.0.33476086,10.0.0.2,8900,10.0.0.33,47608,6,-1,-1,14,413000000,20,100,0,0,0,0.0,0.0,0.0,0.0
1705684951.765311,3,10.0.0.2890010.0.0.33372716,10.0.0.2,8900,10.0.0.33,37271,6,-1,-1,14,372000000,20,100,0,0,0,0.0,0.0,0.0,0.0
1705684951.765311,3,10.0.0.2890010.0.0.33352496,10.0.0.2,8900,10.0.0.33,35249,6,-1,-1,14,334000000,20,100,0,0,0,0.0,0.0,0.0,0.0
1705684951.765311,3,10.0.0.2890010.0.0.33563226,10.0.0.2,8900,10.0.0.33,56322,6,-1,-1,14,295000000,20,100,0,0,0,0.0,0.0,0.0,0.0
1705684951.765311,3,10.0.0.2890010.0.0.3336746,10.0.0.2,8900,10.0.0.33,3674,6,-1,-1,14,254000000,20,100,0,0,0,0.0,0.0,0.0,0.0
1705684951.765311,3,10.0.0.2890010.0.0.33227896,10.0.0.2,8900,10.0.0.33,22789,6,-1,-1,14,209000000,20,100,0,0,0,0.0,0.0,0.0,0.0
1705684951.765311,3,10.0.0.2890010.0.0.33124726,10.0.0.2,8900,10.0.0.33,12472,6,-1,-1,14,155000000,20,100,0,0,0,0.0,0.0,0.0,0.0
1705684951.765311,3,10.0.0.2890010.0.0.33644776,10.0.0.2,8900,10.0.0.33,64477,6,-1,-1,14,100000000,20,100,0,0,0,0.0,0.0,0.0,0.0
1705684951.765311,3,10.0.0.2890010.0.0.33106356,10.0.0.2,8900,10.0.0.33,10635,6,-1,-1,14,76000000,20,100,0,0,0,0.0,0.0,0.0,0.0
1705684951.765311,3,10.0.0.2890010.0.0.33516,10.0.0.2,8900,10.0.0.33,51,6,-1,-1,14,25000000,20,100,0,0,0,0.0,0.0,0.0,0.0
1705684951.765311,3,10.0.0.2890010.0.0.33264436,10.0.0.2,8900,10.0.0.33,26443,6,-1,-1,13,978000000,20,100,0,0,0,0.0,0.0,0.0,0.0
1705684951.765311,3,10.0.0.2890010.0.0.33420646,10.0.0.2,8900,10.0.0.33,42064,6,-1,-1,13,936000000,20,100,0,0,0,0.0,0.0,0.0,0.0
1705684951.765311,3,10.0.0.2890010.0.0.3357606,10.0.0.2,8900,10.0.0.33,5760,6,-1,-1,13,895000000,20,100,0,0,0,0.0,0.0,0.0,0.0
1705684951.765311,3,10.0.0.2890010.0.0.33226,10.0.0.2,8900,10.0.0.33,22,6,-1,-1,13,853000000,20,100,0,0,0,0.0,0.0,0.0,0.0
1705684951.765311,3,10.0.0.2890010.0.0.33245646,10.0.0.2,8900,10.0.0.33,24564,6,-1,-1,13,811000000,20,100,0,0,0,0.0,0.0,0.0,0.0
1705684951.765311,3,10.0.0.2890010.0.0.3396076,10.0.0.2,8900,10.0.0.33,9607,6,-1,-1,13,768000000,20,100,0,0,0,0.0,0.0,0.0,0.0
1705684951.765311,3,10.0.0.2890010.0.0.3389726,10.0.0.2,8900,10.0.0.33,8972,6,-1,-1,13,723000000,20,100,0,0,0,0.0,0.0,0.0,0.0
1705684951.765311,3,10.0.0.2890010.0.0.33264806,10.0.0.2,8900,10.0.0.33,26480,6,-1,-1,13,683000000,20,100,0,0,0,0.0,0.0,0.0,0.0
1705684951.765311,3,10.0.0.2890010.0.0.33293396,10.0.0.2,8900,10.0.0.33,29339,6,-1,-1,13,620000000,20,100,0,0,0,0.0,0.0,0.0,0.0
1705684951.765311,3,10.0.0.2890010.0.0.33124966,10.0.0.2,8900,10.0.0.33,12496,6,-1,-1,13,563000000,20,100,0,0,0,0.0,0.0,0.0,0.0
1705684951.765311,3,10.0.0.2890010.0.0.33353546,10.0.0.2,8900,10.0.0.33,35354,6,-1,-1,13,520000000,20,100,0,0,0,0.0,0.0,0.0,0.0
1705684951.765311,3,10.0.0.2890010.0.0.3399696,10.0.0.2,8900,10.0.0.33,9969,6,-1,-1,13,470000000,20,100,0,0,0,0.0,0.0,0.0,0.0
1705684951.765311,3,10.0.0.2890010.0.0.33282636,10.0.0.2,8900,10.0.0.33,28263,6,-1,-1,13,430000000,20,100,0,0,0,0.0,0.0,0.0,0.0
1705684951.765311,3,10.0.0.2890010.0.0.33158796,10.0.0.2,8900,10.0.0.33,15879,6,-1,-1,13,391000000,20,100,0,0,0,0.0,0.0,0.0,0.0
1705684951.765311,3,10.0.0.2890010.0.0.33249796,10.0.0.2,8900,10.0.0.33,24979,6,-1,-1,13,347000000,20,100,0,0,0,0.0,0.0,0.0,0.0
1705684951.765311,3,10.0.0.2890010.0.0.33155076,10.0.0.2,8900,10.0.0.33,15507,6,-1,-1,13,288000000,20,100,0,0,0,0.0,0.0,0.0,0.0
1705684951.765311,3,10.0.0.2890010.0.0.33447706,10.0.0.2,8900,10.0.0.33,44770,6,-1,-1,13,236000000,20,100,0,0,0,0.0,0.0,0.0,0.0
1705684951.765311,3,10.0.0.2890010.0.0.3385096,10.0.0.2,8900,10.0.0.33,8509,6,-1,-1,13,193000000,20,100,0,0,0,0.0,0.0,0.0,0.0
1705684951.765311,3,10.0.0.2890010.0.0.3361276,10.0.0.2,8900,10.0.0.33,6127,6,-1,-1,13,146000000,20,100,0,0,0,0.0,0.0,0.0,0.0
1705684951.765311,3,10.0.0.2890010.0.0.33475846,10.0.0.2,8900,10.0.0.33,47584,6,-1,-1,13,85000000,20,100,0,0,0,0.0,0.0,0.0,0.0
1705684951.765311,3,10.0.0.2890010.0.0.33552606,10.0.0.2,8900,10.0.0.33,55260,6,-1,-1,13,37000000,20,100,0,0,0,0.0,0.0,0.0,0.0
1705684951.765311,3,10.0.0.2890010.0.0.33285226,10.0.0.2,8900,10.0.0.33,28522,6,-1,-1,12,989000000,20,100,0,1,54,0.08333333333333333,1.0111223458038423e-09,4.5,5.460060667340748e-08
1705684951.765311,3,10.0.0.2890010.0.0.33454726,10.0.0.2,8900,10.0.0.33,45472,6,-1,-1,12,944000000,20,100,0,0,0,0.0,0.0,0.0,0.0
1705684951.765311,3,10.0.0.2890010.0.0.33123996,10.0.0.2,8900,10.0.0.33,12399,6,-1,-1,12,905000000,20,100,0,0,0,0.0,0.0,0.0,0.0
1705684951.765311,3,10.0.0.2890010.0.0.33276976,10.0.0.2,8900,10.0.0.33,27697,6,-1,-1,12,844000000,20,100,0,0,0,0.0,0.0,0.0,0.0
1705684951.765311,3,10.0.0.2890010.0.0.33353216,10.0.0.2,8900,10.0.0.33,35321,6,-1,-1,12,793000000,20,100,0,0,0,0.0,0.0,0.0,0.0
1705684951.765311,3,10.0.0.2890010.0.0.3331286,10.0.0.2,8900,10.0.0.33,3128,6,-1,-1,12,730000000,20,100,0,0,0,0.0,0.0,0.0,0.0
1705684951.765311,3,10.0.0.2890010.0.0.3316626,10.0.0.2,8900,10.0.0.33,1662,6,-1,-1,12,664000000,20,100,0,0,0,0.0,0.0,0.0,0.0
1705684951.765311,3,10.0.0.2890010.0.0.33329686,10.0.0.2,8900,10.0.0.33,32968,6,-1,-1,12,627000000,20,100,0,0,0,0.0,0.0,0.0,0.0
1705684951.765311,3,10.0.0.2890010.0.0.33550796,10.0.0.2,8900,10.0.0.33,55079,6,-1,-1,12,571000000,20,100,0,0,0,0.0,0.0,0.0,0.0
1705684951.765311,3,10.0.0.2890010.0.0.33140456,10.0.0.2,8900,10.0.0.33,14045,6,-1,-1,12,520000000,20,100,0,0,0,0.0,0.0,0.0,0.0
1705684951.765311,3,10.0.0.2890010.0.0.33223016,10.0.0.2,8900,10.0.0.33,22301,6,-1,-1,12,478000000,20,100,0,0,0,0.0,0.0,0.0,0.0
1705684951.765311,3,10.0.0.2890010.0.0.33373356,10.0.0.2,8900,10.0.0.33,37335,6,-1,-1,12,426000000,20,100,0,0,0,0.0,0.0,0.0,0.0
1705684951.765311,3,10.0.0.2890010.0.0.33435866,10.0.0.2,8900,10.0.0.33,43586,6,-1,-1,12,368000000,20,100,0,0,0,0.0,0.0,0.0,0.0
1705684951.765311,3,10.0.0.2890010.0.0.33609326,10.0.0.2,8900,10.0.0.33,60932,6,-1,-1,12,317000000,20,100,0,0,0,0.0,0.0,0.0,0.0
1705684951.765311,3,10.0.0.2890010.0.0.33361066,10.0.0.2,8900,10.0.0.33,36106,6,-1,-1,12,273000000,20,100,0,0,0,0.0,0.0,0.0,0.0
1705684951.765311,3,10.0.0.2890010.0.0.33112926,10.0.0.2,8900,10.0.0.33,11292,6,-1,-1,12,230000000,20,100,0,0,0,0.0,0.0,0.0,0.0
1705684951.765311,3,10.0.0.2890010.0.0.33223926,10.0.0.2,8900,10.0.0.33,22392,6,-1,-1,12,189000000,20,100,0,0,0,0.0,0.0,0.0,0.0
1705684951.765311,3,10.0.0.2890010.0.0.33209946,10.0.0.2,8900,10.0.0.33,20994,6,-1,-1,12,141000000,20,100,0,0,0,0.0,0.0,0.0,0.0
1705684951.765311,3,10.0.0.2890010.0.0.33129406,10.0.0.2,8900,10.0.0.33,12940,6,-1,-1,12,92000000,20,100,0,0,0,0.0,0.0,0.0,0.0
1705684951.765311,3,10.0.0.2890010.0.0.33587356,10.0.0.2,8900,10.0.0.33,58735,6,-1,-1,12,46000000,20,100,0,0,0,0.0,0.0,0.0,0.0
1705684951.765311,3,10.0.0.2890010.0.0.33447716,10.0.0.2,8900,10.0.0.33,44771,6,-1,-1,11,978000000,20,100,0,0,0,0.0,0.0,0.0,0.0
1705684951.765311,3,10.0.0.2890010.0.0.33437226,10.0.0.2,8900,10.0.0.33,43722,6,-1,-1,11,930000000,20,100,0,0,0,0.0,0.0,0.0,0.0
1705684951.765311,3,10.0.0.2890010.0.0.33136556,10.0.0.2,8900,10.0.0.33,13655,6,-1,-1,11,881000000,20,100,0,0,0,0.0,0.0,0.0,0.0
1705684951.765311,3,10.0.0.2890010.0.0.3391316,10.0.0.2,8900,10.0.0.33,9131,6,-1,-1,11,839000000,20,100,0,0,0,0.0,0.0,0.0,0.0
1705684951.765311,3,10.0.0.2890010.0.0.33613936,10.0.0.2,8900,10.0.0.33,61393,6,-1,-1,11,783000000,20,100,0,0,0,0.0,0.0,0.0,0.0
1705684951.765311,3,10.0.0.2890010.0.0.33164646,10.0.0.2,8900,10.0.0.33,16464,6,-1,-1,11,739000000,20,100,0,0,0,0.0,0.0,0.0,0.0
1705684951.765311,3,10.0.0.2890010.0.0.33585176,10.0.0.2,8900,10.0.0.33,58517,6,-1,-1,11,699000000,20,100,0,0,0,0.0,0.0,0.0,0.0
1705684951.765311,3,10.0.0.2890010.0.0.33559196,10.0.0.2,8900,10.0.0.33,55919,6,-1,-1,11,647000000,20,100,0,0,0,0.0,0.0,0.0,0.0
1705684951.765311,3,10.0.0.2890010.0.0.33240936,10.0.0.2,8900,10.0.0.33,24093,6,-1,-1,11,609000000,20,100,0,0,0,0.0,0.0,0.0,0.0
1705684951.765311,3,10.0.0.2890010.0.0.33635166,10.0.0.2,8900,10.0.0.33,63516,6,-1,-1,11,559000000,20,100,0,0,0,0.0,0.0,0.0,0.0
1705684951.765311,3,10.0.0.2890010.0.0.3366396,10.0.0.2,8900,10.0.0.33,6639,6,-1,-1,11,513000000,20,100,0,0,0,0.0,0.0,0.0,0.0
1705684951.765311,3,10.0.0.2890010.0.0.33231576,10.0.0.2,8900,10.0.0.33,23157,6,-1,-1,11,451000000,20,100,0,0,0,0.0,0.0,0.0,0.0
1705684951.765311,3,10.0.0.2890010.0.0.33258906,10.0.0.2,8900,10.0.0.33,25890,6,-1,-1,11,408000000,20,100,0,0,0,0.0,0.0,0.0,0.0
1705684951.765311,3,10.0.0.2890010.0.0.3311676,10.0.0.2,8900,10.0.0.33,1167,6,-1,-1,11,366000000,20,100,0,0,0,0.0,0.0,0.0,0.0
1705684951.765311,3,10.0.0.2890010.0.0.33505696,10.0.0.2,8900,10.0.0.33,50569,6,-1,-1,11,320000000,20,100,0,0,0,0.0,0.0,0.0,0.0
1705684951.765311,3,10.0.0.2890010.0.0.33436576,10.0.0.2,8900,10.0.0.33,43657,6,-1,-1,11,273000000,20,100,0,0,0,0.0,0.0,0.0,0.0
1705684951.765311,3,10.0.0.2890010.0.0.33288316,10.0.0.2,8900,10.0.0.33,28831,6,-1,-1,11,238000000,20,100,0,0,0,0.0,0.0,0.0,0.0
1705684951.765311,3,10.0.0.2890010.0.0.33266696,10.0.0.2,8900,10.0.0.33,26669,6,-1,-1,11,185000000,20,100,0,0,0,0.0,0.0,0.0,0.0
1705684951.765311,3,10.0.0.2890010.0.0.33345376,10.0.0.2,8900,10.0.0.33,34537,6,-1,-1,11,133000000,20,100,0,0,0,0.0,0.0,0.0,0.0
1705684951.765311,3,10.0.0.2890010.0.0.33303016,10.0.0.2,8900,10.0.0.33,30301,6,-1,-1,11,68000000,20,100,0,0,0,0.0,0.0,0.0,0.0
1705684951.765311,3,10.0.0.2890010.0.0.338516,10.0.0.2,8900,10.0.0.33,851,6,-1,-1,10,999000000,20,100,0,0,0,0.0,0.0,0.0,0.0
1705684951.765311,3,10.0.0.2890010.0.0.33492516,10.0.0.2,8900,10.0.0.33,49251,6,-1,-1,10,957000000,20,100,0,0,0,0.0,0.0,0.0,0.0
1705684951.765311,3,10.0.0.2890010.0.0.33273276,10.0.0.2,8900,10.0.0.33,27327,6,-1,-1,10,922000000,20,100,0,0,0,0.0,0.0,0.0,0.0
1705684951.765311,3,10.0.0.2890010.0.0.33441446,10.0.0.2,8900,10.0.0.33,44144,6,-1,-1,10,884000000,20,100,0,0,0,0.0,0.0,0.0,0.0
1705684951.765311,3,10.0.0.2890010.0.0.3311516,10.0.0.2,8900,10.0.0.33,1151,6,-1,-1,10,846000000,20,100,0,0,0,0.0,0.0,0.0,0.0
1705684951.765311,3,10.0.0.2890010.0.0.33121036,10.0.0.2,8900,10.0.0.33,12103,6,-1,-1,10,794000000,20,100,0,0,0,0.0,0.0,0.0,0.0
1705684951.765311,3,10.0.0.2890010.0.0.33611516,10.0.0.2,8900,10.0.0.33,61151,6,-1,-1,10,720000000,20,100,0,0,0,0.0,0.0,0.0,0.0
1705684951.765311,3,10.0.0.2890010.0.0.33212196,10.0.0.2,8900,10.0.0.33,21219,6,-1,-1,10,670000000,20,100,0,0,0,0.0,0.0,0.0,0.0
1705684951.765311,3,10.0.0.2890010.0.0.33233236,10.0.0.2,8900,10.0.0.33,23323,6,-1,-1,10,621000000,20,100,0,0,0,0.0,0.0,0.0,0.0
1705684951.765311,3,10.0.0.2890010.0.0.3389676,10.0.0.2,8900,10.0.0.33,8967,6,-1,-1,10,572000000,20,100,0,0,0,0.0,0.0,0.0,0.0
1705684951.765311,3,10.0.0.2890010.0.0.33528956,10.0.0.2,8900,10.0.0.33,52895,6,-1,-1,10,519000000,20,100,0,0,0,0.0,0.0,0.0,0.0
1705684951.765311,3,10.0.0.2890010.0.0.33649356,10.0.0.2,8900,10.0.0.33,64935,6,-1,-1,10,473000000,20,100,0,0,0,0.0,0.0,0.0,0.0
1705684951.765311,3,10.0.0.2890010.0.0.33631806,10.0.0.2,8900,10.0.0.33,63180,6,-1,-1,10,429000000,20,100,0,0,0,0.0,0.0,0.0,0.0
1705684951.765311,3,10.0.0.2890010.0.0.33558106,10.0.0.2,8900,10.0.0.33,55810,6,-1,-1,10,392000000,20,100,0,0,0,0.0,0.0,0.0,0.0
1705684951.765311,3,10.0.0.2890010.0.0.33255116,10.0.0.2,8900,10.0.0.33,25511,6,-1,-1,10,345000000,20,100,0,0,0,0.0,0.0,0.0,0.0
1705684951.765311,3,10.0.0.2890010.0.0.33158496,10.0.0.2,8900,10.0.0.33,15849,6,-1,-1,10,309000000,20,100,0,0,0,0.0,0.0,0.0,0.0
1705684951.765311,3,10.0.0.2890010.0.0.33190446,10.0.0.2,8900,10.0.0.33,19044,6,-1,-1,10,240000000,20,100,0,0,0,0.0,0.0,0.0,0.0
1705684951.765311,3,10.0.0.2890010.0.0.33276386,10.0.0.2,8900,10.0.0.33,27638,6,-1,-1,10,194000000,20,100,0,0,0,0.0,0.0,0.0,0.0
1705684951.765311,3,10.0.0.2890010.0.0.33434976,10.0.0.2,8900,10.0.0.33,43497,6,-1,-1,10,117000000,20,100,0,0,0,0.0,0.0,0.0,0.0
1705684951.765311,3,10.0.0.2890010.0.0.33274216,10.0.0.2,8900,10.0.0.33,27421,6,-1,-1,10,75000000,20,100,0,0,0,0.0,0.0,0.0,0.0
1705684951.765311,3,10.0.0.2890010.0.0.33404396,10.0.0.2,8900,10.0.0.33,40439,6,-1,-1,10,28000000,20,100,0,0,0,0.0,0.0,0.0,0.0
1705684951.765311,3,10.0.0.2890010.0.0.33574536,10.0.0.2,8900,10.0.0.33,57453,6,-1,-1,9,310000000,20,100,0,0,0,0.0,0.0,0.0,0.0
1705684951.765311,3,10.0.0.2890010.0.0.33110486,10.0.0.2,8900,10.0.0.33,11048,6,-1,-1,9,310000000,20,100,0,0,0,0.0,0.0,0.0,0.0
1705684951.765311,3,10.0.0.2890010.0.0.33434796,10.0.0.2,8900,10.0.0.33,43479,6,-1,-1,9,310000000,20,100,0,0,0,0.0,0.0,0.0,0.0
1705684951.765311,3,10.0.0.2890010.0.0.33582496,10.0.0.2,8900,10.0.0.33,58249,6,-1,-1,9,310000000,20,100,0,0,0,0.0,0.0,0.0,0.0
1705684951.765311,3,10.0.0.2890010.0.0.33130216,10.0.0.2,8900,10.0.0.33,13021,6,-1,-1,9,310000000,20,100,0,0,0,0.0,0.0,0.0,0.0
1705684951.765311,3,10.0.0.2890010.0.0.33142386,10.0.0.2,8900,10.0.0.33,14238,6,-1,-1,9,302000000,20,100,0,0,0,0.0,0.0,0.0,0.0
1705684951.765311,3,10.0.0.2890010.0.0.33393956,10.0.0.2,8900,10.0.0.33,39395,6,-1,-1,9,302000000,20,100,0,0,0,0.0,0.0,0.0,0.0
1705684951.765311,3,10.0.0.2890010.0.0.33428176,10.0.0.2,8900,10.0.0.33,42817,6,-1,-1,9,302000000,20,100,0,0,0,0.0,0.0,0.0,0.0
1705684951.765311,3,10.0.0.2890010.0.0.33129706,10.0.0.2,8900,10.0.0.33,12970,6,-1,-1,9,302000000,20,100,0,0,0,0.0,0.0,0.0,0.0
1705684951.765311,3,10.0.0.2890010.0.0.33103766,10.0.0.2,8900,10.0.0.33,10376,6,-1,-1,9,302000000,20,100,0,0,0,0.0,0.0,0.0,0.0
1705684951.765311,3,10.0.0.2890010.0.0.33150996,10.0.0.2,8900,10.0.0.33,15099,6,-1,-1,9,302000000,20,100,0,0,0,0.0,0.0,0.0,0.0
1705684951.765311,3,10.0.0.2890010.0.0.3343006,10.0.0.2,8900,10.0.0.33,4300,6,-1,-1,9,302000000,20,100,0,0,0,0.0,0.0,0.0,0.0
1705684951.765311,3,10.0.0.2890010.0.0.33287146,10.0.0.2,8900,10.0.0.33,28714,6,-1,-1,9,302000000,20,100,0,0,0,0.0,0.0,0.0,0.0
1705684951.765311,3,10.0.0.2890010.0.0.3367036,10.0.0.2,8900,10.0.0.33,6703,6,-1,-1,9,245000000,20,100,0,0,0,0.0,0.0,0.0,0.0
1705684951.765311,3,10.0.0.2890010.0.0.33450556,10.0.0.2,8900,10.0.0.33,45055,6,-1,-1,9,192000000,20,100,0,0,0,0.0,0.0,0.0,0.0
1705684951.765311,3,10.0.0.2890010.0.0.333546,10.0.0.2,8900,10.0.0.33,354,6,-1,-1,9,168000000,20,100,0,0,0,0.0,0.0,0.0,0.0
1705684951.765311,3,10.0.0.2890010.0.0.3345546,10.0.0.2,8900,10.0.0.33,4554,6,-1,-1,9,154000000,20,100,0,0,0,0.0,0.0,0.0,0.0
1705684951.765311,3,10.0.0.2890010.0.0.33529166,10.0.0.2,8900,10.0.0.33,52916,6,-1,-1,9,142000000,20,100,0,0,0,0.0,0.0,0.0,0.0
1705684951.765311,3,10.0.0.2890010.0.0.33446606,10.0.0.2,8900,10.0.0.33,44660,6,-1,-1,9,130000000,20,100,0,0,0,0.0,0.0,0.0,0.0
1705684951.765311,3,10.0.0.2890010.0.0.33114926,10.0.0.2,8900,10.0.0.33,11492,6,-1,-1,9,89000000,20,100,0,0,0,0.0,0.0,0.0,0.0
1705684951.765311,3,10.0.0.2890010.0.0.33455846,10.0.0.2,8900,10.0.0.33,45584,6,-1,-1,9,46000000,20,100,0,0,0,0.0,0.0,0.0,0.0
1705684951.765311,3,10.0.0.2890010.0.0.33180176,10.0.0.2,8900,10.0.0.33,18017,6,-1,-1,9,11000000,20,100,0,0,0,0.0,0.0,0.0,0.0
1705684951.765311,3,10.0.0.2890010.0.0.33586676,10.0.0.2,8900,10.0.0.33,58667,6,-1,-1,8,975000000,20,100,0,0,0,0.0,0.0,0.0,0.0
1705684951.765311,3,10.0.0.2890010.0.0.3318406,10.0.0.2,8900,10.0.0.33,1840,6,-1,-1,8,937000000,20,100,0,0,0,0.0,0.0,0.0,0.0
1705684951.765311,3,10.0.0.2890010.0.0.33113216,10.0.0.2,8900,10.0.0.33,11321,6,-1,-1,8,902000000,20,100,0,0,0,0.0,0.0,0.0,0.0
1705684951.765311,3,10.0.0.2890010.0.0.3348476,10.0.0.2,8900,10.0.0.33,4847,6,-1,-1,8,855000000,20,100,0,0,0,0.0,0.0,0.0,0.0
1705684951.765311,3,10.0.0.2890010.0.0.33486636,10.0.0.2,8900,10.0.0.33,48663,6,-1,-1,8,808000000,20,100,0,0,0,0.0,0.0,0.0,0.0
1705684951.765311,3,10.0.0.2890010.0.0.33236976,10.0.0.2,8900,10.0.0.33,23697,6,-1,-1,8,756000000,20,100,0,0,0,0.0,0.0,0.0,0.0
1705684951.765311,3,10.0.0.2890010.0.0.33116436,10.0.0.2,8900,10.0.0.33,11643,6,-1,-1,8,710000000,20,100,0,0,0,0.0,0.0,0.0,0.0
1705684951.765311,3,10.0.0.2890010.0.0.33367526,10.0.0.2,8900,10.0.0.33,36752,6,-1,-1,8,667000000,20,100,0,0,0,0.0,0.0,0.0,0.0
1705684951.765311,3,10.0.0.2890010.0.0.33507526,10.0.0.2,8900,10.0.0.33,50752,6,-1,-1,8,612000000,20,100,0,0,0,0.0,0.0,0.0,0.0
1705684951.765311,3,10.0.0.2890010.0.0.33496546,10.0.0.2,8900,10.0.0.33,49654,6,-1,-1,8,557000000,20,100,0,0,0,0.0,0.0,0.0,0.0
1705684951.765311,3,10.0.0.2890010.0.0.33163786,10.0.0.2,8900,10.0.0.33,16378,6,-1,-1,8,526000000,20,100,0,0,0,0.0,0.0,0.0,0.0
1705684951.765311,3,10.0.0.2890010.0.0.33412686,10.0.0.2,8900,10.0.0.33,41268,6,-1,-1,8,487000000,20,100,0,0,0,0.0,0.0,0.0,0.0
1705684951.765311,3,10.0.0.2890010.0.0.33140226,10.0.0.2,8900,10.0.0.33,14022,6,-1,-1,8,451000000,20,100,0,0,0,0.0,0.0,0.0,0.0
1705684951.765311,3,10.0.0.2890010.0.0.33504636,10.0.0.2,8900,10.0.0.33,50463,6,-1,-1,8,409000000,20,100,0,0,0,0.0,0.0,0.0,0.0
1705684951.765311,3,10.0.0.2890010.0.0.33443926,10.0.0.2,8900,10.0.0.33,44392,6,-1,-1,8,350000000,20,100,0,0,0,0.0,0.0,0.0,0.0
1705684951.765311,3,10.0.0.2890010.0.0.339456,10.0.0.2,8900,10.0.0.33,945,6,-1,-1,8,311000000,20,100,0,0,0,0.0,0.0,0.0,0.0
1705684951.765311,3,10.0.0.2890010.0.0.33262756,10.0.0.2,8900,10.0.0.33,26275,6,-1,-1,8,275000000,20,100,0,0,0,0.0,0.0,0.0,0.0
1705684951.765311,3,10.0.0.2890010.0.0.33310296,10.0.0.2,8900,10.0.0.33,31029,6,-1,-1,8,221000000,20,100,0,0,0,0.0,0.0,0.0,0.0
1705684951.765311,3,10.0.0.2890010.0.0.33402806,10.0.0.2,8900,10.0.0.33,40280,6,-1,-1,8,164000000,20,100,0,0,0,0.0,0.0,0.0,0.0
1705684951.765311,3,10.0.0.2890010.0.0.33283116,10.0.0.2,8900,10.0.0.33,28311,6,-1,-1,8,109000000,20,100,0,0,0,0.0,0.0,0.0,0.0
1705684951.765311,3,10.0.0.2890010.0.0.33622086,10.0.0.2,8900,10.0.0.33,62208,6,-1,-1,8,57000000,20,100,0,0,0,0.0,0.0,0.0,0.0
1705684951.765311,3,10.0.0.2890010.0.0.33284076,10.0.0.2,8900,10.0.0.33,28407,6,-1,-1,8,16000000,20,100,0,0,0,0.0,0.0,0.0,0.0
1705684951.765311,3,10.0.0.2890010.0.0.33408236,10.0.0.2,8900,10.0.0.33,40823,6,-1,-1,7,979000000,20,100,0,0,0,0.0,0.0,0.0,0.0
1705684951.765311,3,10.0.0.2890010.0.0.33134966,10.0.0.2,8900,10.0.0.33,13496,6,-1,-1,7,941000000,20,100,0,0,0,0.0,0.0,0.0,0.0
1705684951.765311,3,10.0.0.2890010.0.0.33591846,10.0.0.2,8900,10.0.0.33,59184,6,-1,-1,7,895000000,20,100,0,0,0,0.0,0.0,0.0,0.0
1705684951.765311,3,10.0.0.2890010.0.0.33353346,10.0.0.2,8900,10.0.0.33,35334,6,-1,-1,7,847000000,20,100,0,0,0,0.0,0.0,0.0,0.0
1705684951.765311,3,10.0.0.2890010.0.0.33195976,10.0.0.2,8900,10.0.0.33,19597,6,-1,-1,7,779000000,20,100,0,0,0,0.0,0.0,0.0,0.0
1705684951.765311,3,10.0.0.2890010.0.0.33119406,10.0.0.2,8900,10.0.0.33,11940,6,-1,-1,7,738000000,20,100,0,0,0,0.0,0.0,0.0,0.0
1705684951.765311,3,10.0.0.2890010.0.0.33169276,10.0.0.2,8900,10.0.0.33,16927,6,-1,-1,7,691000000,20,100,0,0,0,0.0,0.0,0.0,0.0
1705684951.765311,3,10.0.0.2890010.0.0.33432726,10.0.0.2,8900,10.0.0.33,43272,6,-1,-1,7,648000000,20,100,0,0,0,0.0,0.0,0.0,0.0
1705684951.765311,3,10.0.0.2890010.0.0.3357436,10.0.0.2,8900,10.0.0.33,5743,6,-1,-1,7,600000000,20,100,0,0,0,0.0,0.0,0.0,0.0
1705684951.765311,3,10.0.0.2890010.0.0.33355416,10.0.0.2,8900,10.0.0.33,35541,6,-1,-1,7,566000000,20,100,0,0,0,0.0,0.0,0.0,0.0
1705684951.765311,3,10.0.0.2890010.0.0.33117056,10.0.0.2,8900,10.0.0.33,11705,6,-1,-1,7,527000000,20,100,0,0,0,0.0,0.0,0.0,0.0
1705684951.765311,3,10.0.0.2890010.0.0.3375816,10.0.0.2,8900,10.0.0.33,7581,6,-1,-1,7,488000000,20,100,0,0,0,0.0,0.0,0.0,0.0
1705684951.765311,3,10.0.0.2890010.0.0.33185366,10.0.0.2,8900,10.0.0.33,18536,6,-1,-1,7,445000000,20,100,0,0,0,0.0,0.0,0.0,0.0
1705684951.765311,3,10.0.0.2890010.0.0.33175836,10.0.0.2,8900,10.0.0.33,17583,6,-1,-1,7,399000000,20,100,0,0,0,0.0,0.0,0.0,0.0
1705684951.765311,3,10.0.0.2890010.0.0.33127966,10.0.0.2,8900,10.0.0.33,12796,6,-1,-1,7,330000000,20,100,0,0,0,0.0,0.0,0.0,0.0
1705684951.765311,3,10.0.0.2890010.0.0.33387496,10.0.0.2,8900,10.0.0.33,38749,6,-1,-1,7,283000000,20,100,0,0,0,0.0,0.0,0.0,0.0
1705684951.765311,3,10.0.0.2890010.0.0.33624896,10.0.0.2,8900,10.0.0.33,62489,6,-1,-1,7,211000000,20,100,0,0,0,0.0,0.0,0.0,0.0
1705684951.765311,3,10.0.0.2890010.0.0.33324456,10.0.0.2,8900,10.0.0.33,32445,6,-1,-1,7,157000000,20,100,0,0,0,0.0,0.0,0.0,0.0
1705684951.765311,3,10.0.0.2890010.0.0.33104716,10.0.0.2,8900,10.0.0.33,10471,6,-1,-1,7,93000000,20,100,0,0,0,0.0,0.0,0.0,0.0
1705684951.765311,3,10.0.0.2890010.0.0.33158866,10.0.0.2,8900,10.0.0.33,15886,6,-1,-1,7,44000000,20,100,0,0,0,0.0,0.0,0.0,0.0
1705684951.765311,3,10.0.0.2890010.0.0.33375506,10.0.0.2,8900,10.0.0.33,37550,6,-1,-1,7,4000000,20,100,0,0,0,0.0,0.0,0.0,0.0
1705684951.765311,3,10.0.0.2890010.0.0.33367586,10.0.0.2,8900,10.0.0.33,36758,6,-1,-1,6,948000000,20,100,0,0,0,0.0,0.0,0.0,0.0
1705684951.765311,3,10.0.0.2890010.0.0.33638156,10.0.0.2,8900,10.0.0.33,63815,6,-1,-1,6,904000000,20,100,0,0,0,0.0,0.0,0.0,0.0
1705684951.765311,3,10.0.0.2890010.0.0.33384766,10.0.0.2,8900,10.0.0.33,38476,6,-1,-1,6,859000000,20,100,0,0,0,0.0,0.0,0.0,0.0
1705684951.765311,3,10.0.0.2890010.0.0.33611956,10.0.0.2,8900,10.0.0.33,61195,6,-1,-1,6,819000000,20,100,0,0,0,0.0,0.0,0.0,0.0
1705684951.765311,3,10.0.0.2890010.0.0.3385966,10.0.0.2,8900,10.0.0.33,8596,6,-1,-1,6,744000000,20,100,0,0,0,0.0,0.0,0.0,0.0
1705684951.765311,3,10.0.0.2890010.0.0.3373906,10.0.0.2,8900,10.0.0.33,7390,6,-1,-1,6,701000000,20,100,0,0,0,0.0,0.0,0.0,0.0
1705684951.765311,3,10.0.0.2890010.0.0.33104426,10.0.0.2,8900,10.0.0.33,10442,6,-1,-1,6,649000000,20,100,0,0,0,0.0,0.0,0.0,0.0
1705684951.765311,3,10.0.0.2890010.0.0.33465696,10.0.0.2,8900,10.0.0.33,46569,6,-1,-1,6,600000000,20,100,0,0,0,0.0,0.0,0.0,0.0
1705684951.765311,3,10.0.0.2890010.0.0.3372536,10.0.0.2,8900,10.0.0.33,7253,6,-1,-1,6,559000000,20,100,0,0,0,0.0,0.0,0.0,0.0
1705684951.765311,3,10.0.0.2890010.0.0.3339986,10.0.0.2,8900,10.0.0.33,3998,6,-1,-1,6,523000000,20,100,0,0,0,0.0,0.0,0.0,0.0
1705684951.765311,3,10.0.0.2890010.0.0.33300256,10.0.0.2,8900,10.0.0.33,30025,6,-1,-1,6,470000000,20,100,0,0,0,0.0,0.0,0.0,0.0
1705684951.765311,3,10.0.0.2890010.0.0.3393776,10.0.0.2,8900,10.0.0.33,9377,6,-1,-1,6,389000000,20,100,0,0,0,0.0,0.0,0.0,0.0
1705684951.765311,3,10.0.0.2890010.0.0.33647636,10.0.0.2,8900,10.0.0.33,64763,6,-1,-1,6,346000000,20,100,0,0,0,0.0,0.0,0.0,0.0
1705684951.765311,3,10.0.0.2890010.0.0.33111176,10.0.0.2,8900,10.0.0.33,11117,6,-1,-1,6,311000000,20,100,0,0,0,0.0,0.0,0.0,0.0
1705684951.765311,3,10.0.0.2890010.0.0.33272786,10.0.0.2,8900,10.0.0.33,27278,6,-1,-1,6,248000000,20,100,0,0,0,0.0,0.0,0.0,0.0
1705684951.765311,3,10.0.0.2890010.0.0.33264746,10.0.0.2,8900,10.0.0.33,26474,6,-1,-1,6,197000000,20,100,0,0,0,0.0,0.0,0.0,0.0
1705684951.765311,3,10.0.0.2890010.0.0.3332196,10.0.0.2,8900,10.0.0.33,3219,6,-1,-1,6,151000000,20,100,0,0,0,0.0,0.0,0.0,0.0
1705684951.765311,3,10.0.0.2890010.0.0.33416246,10.0.0.2,8900,10.0.0.33,41624,6,-1,-1,6,96000000,20,100,0,0,0,0.0,0.0,0.0,0.0
1705684951.765311,3,10.0.0.2890010.0.0.33555566,10.0.0.2,8900,10.0.0.33,55556,6,-1,-1,5,994000000,20,100,0,0,0,0.0,0.0,0.0,0.0
1705684951.765311,3,10.0.0.2890010.0.0.33301986,10.0.0.2,8900,10.0.0.33,30198,6,-1,-1,5,941000000,20,100,0,0,0,0.0,0.0,0.0,0.0
1705684951.765311,3,10.0.0.2890010.0.0.3397756,10.0.0.2,8900,10.0.0.33,9775,6,-1,-1,5,902000000,20,100,0,0,0,0.0,0.0,0.0,0.0
1705684951.765311,3,10.0.0.2890010.0.0.33111856,10.0.0.2,8900,10.0.0.33,11185,6,-1,-1,5,871000000,20,100,0,0,0,0.0,0.0,0.0,0.0
1705684951.765311,3,10.0.0.2890010.0.0.33172876,10.0.0.2,8900,10.0.0.33,17287,6,-1,-1,5,832000000,20,100,0,0,0,0.0,0.0,0.0,0.0
1705684951.765311,3,10.0.0.2890010.0.0.3365376,10.0.0.2,8900,10.0.0.33,6537,6,-1,-1,5,803000000,20,100,0,0,0,0.0,0.0,0.0,0.0
1705684951.765311,3,10.0.0.2890010.0.0.33311426,10.0.0.2,8900,10.0.0.33,31142,6,-1,-1,5,766000000,20,100,0,0,0,0.0,0.0,0.0,0.0
1705684951.765311,3,10.0.0.2890010.0.0.33228016,10.0.0.2,8900,10.0.0.33,22801,6,-1,-1,5,727000000,20,100,0,0,0,0.0,0.0,0.0,0.0
1705684951.765311,3,10.0.0.2890010.0.0.33645766,10.0.0.2,8900,10.0.0.33,64576,6,-1,-1,5,664000000,20,100,0,0,0,0.0,0.0,0.0,0.0
1705684951.765311,3,10.0.0.2890010.0.0.33534956,10.0.0.2,8900,10.0.0.33,53495,6,-1,-1,5,621000000,20,100,0,0,0,0.0,0.0,0.0,0.0
1705684951.765311,3,10.0.0.2890010.0.0.33146956,10.0.0.2,8900,10.0.0.33,14695,6,-1,-1,5,573000000,20,100,0,0,0,0.0,0.0,0.0,0.0
1705684951.765311,3,10.0.0.2890010.0.0.33651126,10.0.0.2,8900,10.0.0.33,65112,6,-1,-1,5,526000000,20,100,0,0,0,0.0,0.0,0.0,0.0
1705684951.765311,3,10.0.0.2890010.0.0.33303676,10.0.0.2,8900,10.0.0.33,30367,6,-1,-1,5,489000000,20,100,0,0,0,0.0,0.0,0.0,0.0
1705684951.765311,3,10.0.0.2890010.0.0.33291396,10.0.0.2,8900,10.0.0.33,29139,6,-1,-1,5,432000000,20,100,0,0,0,0.0,0.0,0.0,0.0
1705684951.765311,3,10.0.0.2890010.0.0.33388706,10.0.0.2,8900,10.0.0.33,38870,6,-1,-1,5,380000000,20,100,0,0,0,0.0,0.0,0.0,0.0
1705684951.765311,3,10.0.0.2890010.0.0.33266676,10.0.0.2,8900,10.0.0.33,26667,6,-1,-1,5,309000000,20,100,0,0,0,0.0,0.0,0.0,0.0
1705684951.765311,3,10.0.0.2890010.0.0.33237656,10.0.0.2,8900,10.0.0.33,23765,6,-1,-1,5,265000000,20,100,0,0,0,0.0,0.0,0.0,0.0
1705684951.765311,3,10.0.0.2890010.0.0.33380316,10.0.0.2,8900,10.0.0.33,38031,6,-1,-1,5,204000000,20,100,0,0,0,0.0,0.0,0.0,0.0
1705684951.765311,3,10.0.0.2890010.0.0.33223476,10.0.0.2,8900,10.0.0.33,22347,6,-1,-1,5,147000000,20,100,0,0,0,0.0,0.0,0.0,0.0
1705684951.765311,3,10.0.0.2890010.0.0.3339876,10.0.0.2,8900,10.0.0.33,3987,6,-1,-1,5,99000000,20,100,0,0,0,0.0,0.0,0.0,0.0
1705684951.765311,3,10.0.0.2890010.0.0.33647106,10.0.0.2,8900,10.0.0.33,64710,6,-1,-1,5,52000000,20,100,0,0,0,0.0,0.0,0.0,0.0
1705684951.765311,3,10.0.0.2890010.0.0.33441256,10.0.0.2,8900,10.0.0.33,44125,6,-1,-1,5,10000000,20,100,0,0,0,0.0,0.0,0.0,0.0
1705684951.765311,3,10.0.0.2890010.0.0.337026,10.0.0.2,8900,10.0.0.33,702,6,-1,-1,4,957000000,20,100,0,0,0,0.0,0.0,0.0,0.0
1705684951.765311,3,10.0.0.2890010.0.0.338576,10.0.0.2,8900,10.0.0.33,857,6,-1,-1,4,900000000,20,100,0,0,0,0.0,0.0,0.0,0.0
1705684951.765311,3,10.0.0.2890010.0.0.33279916,10.0.0.2,8900,10.0.0.33,27991,6,-1,-1,4,830000000,20,100,0,0,0,0.0,0.0,0.0,0.0
1705684951.765311,3,10.0.0.2890010.0.0.33257786,10.0.0.2,8900,10.0.0.33,25778,6,-1,-1,4,787000000,20,100,0,0,0,0.0,0.0,0.0,0.0
1705684951.765311,3,10.0.0.2890010.0.0.33299266,10.0.0.2,8900,10.0.0.33,29926,6,-1,-1,4,749000000,20,100,0,0,0,0.0,0.0,0.0,0.0
1705684951.765311,3,10.0.0.2890010.0.0.33320496,10.0.0.2,8900,10.0.0.33,32049,6,-1,-1,4,711000000,20,100,0,0,0,0.0,0.0,0.0,0.0
1705684951.765311,3,10.0.0.2890010.0.0.33447956,10.0.0.2,8900,10.0.0.33,44795,6,-1,-1,4,672000000,20,100,0,0,0,0.0,0.0,0.0,0.0
1705684951.765311,3,10.0.0.2890010.0.0.33478886,10.0.0.2,8900,10.0.0.33,47888,6,-1,-1,4,634000000,20,100,0,0,0,0.0,0.0,0.0,0.0
1705684951.765311,3,10.0.0.2890010.0.0.33122256,10.0.0.2,8900,10.0.0.33,12225,6,-1,-1,4,592000000,20,100,0,0,0,0.0,0.0,0.0,0.0
1705684951.765311,3,10.0.0.2890010.0.0.33228476,10.0.0.2,8900,10.0.0.33,22847,6,-1,-1,4,544000000,20,100,0,0,0,0.0,0.0,0.0,0.0
1705684951.765311,3,10.0.0.2890010.0.0.33104136,10.0.0.2,8900,10.0.0.33,10413,6,-1,-1,4,492000000,20,100,0,0,0,0.0,0.0,0.0,0.0
1705684951.765311,3,10.0.0.2890010.0.0.33374416,10.0.0.2,8900,10.0.0.33,37441,6,-1,-1,4,443000000,20,100,0,0,0,0.0,0.0,0.0,0.0
1705684951.765311,3,10.0.0.2890010.0.0.33616906,10.0.0.2,8900,10.0.0.33,61690,6,-1,-1,4,400000000,20,100,0,0,0,0.0,0.0,0.0,0.0
1705684951.765311,3,10.0.0.2890010.0.0.3327626,10.0.0.2,8900,10.0.0.33,2762,6,-1,-1,4,346000000,20,100,0,0,0,0.0,0.0,0.0,0.0
1705684951.765311,3,10.0.0.2890010.0.0.33402176,10.0.0.2,8900,10.0.0.33,40217,6,-1,-1,4,305000000,20,100,0,0,0,0.0,0.0,0.0,0.0
1705684951.765311,3,10.0.0.2890010.0.0.33293836,10.0.0.2,8900,10.0.0.33,29383,6,-1,-1,4,258000000,20,100,0,0,0,0.0,0.0,0.0,0.0
1705684951.765311,3,10.0.0.2890010.0.0.3398866,10.0.0.2,8900,10.0.0.33,9886,6,-1,-1,4,222000000,20,100,0,0,0,0.0,0.0,0.0,0.0
1705684951.765311,3,10.0.0.2890010.0.0.33602596,10.0.0.2,8900,10.0.0.33,60259,6,-1,-1,4,186000000,20,100,0,0,0,0.0,0.0,0.0,0.0
1705684951.765311,3,10.0.0.2890010.0.0.33476996,10.0.0.2,8900,10.0.0.33,47699,6,-1,-1,4,146000000,20,100,0,0,0,0.0,0.0,0.0,0.0
1705684951.765311,3,10.0.0.33423010.0.0.289006,10.0.0.33,4230,10.0.0.2,8900,6,-1,-1,17,17000000,20,100,0,0,0,0.0,0.0,0.0,0.0
1705684951.765311,3,10.0.0.332945910.0.0.289006,10.0.0.33,29459,10.0.0.2,8900,6,-1,-1,16,979000000,20,100,0,0,0,0.0,0.0,0.0,0.0
1705684951.765311,3,10.0.0.333319910.0.0.289006,10.0.0.33,33199,10.0.0.2,8900,6,-1,-1,16,936000000,20,100,0,0,0,0.0,0.0,0.0,0.0
1705684951.765311,3,10.0.0.335620010.0.0.289006,10.0.0.33,56200,10.0.0.2,8900,6,-1,-1,16,898000000,20,100,0,0,0,0.0,0.0,0.0,0.0
1705684951.765311,3,10.0.0.334153510.0.0.289006,10.0.0.33,41535,10.0.0.2,8900,6,-1,-1,16,863000000,20,100,0,0,0,0.0,0.0,0.0,0.0
1705684951.765311,3,10.0.0.334299910.0.0.289006,10.0.0.33,42999,10.0.0.2,8900,6,-1,-1,16,823000000,20,100,0,0,0,0.0,0.0,0.0,0.0
1705684951.765311,3,10.0.0.33110110.0.0.289006,10.0.0.33,1101,10.0.0.2,8900,6,-1,-1,16,775000000,20,100,0,0,0,0.0,0.0,0.0,0.0
1705684951.765311,3,10.0.0.33282310.0.0.289006,10.0.0.33,2823,10.0.0.2,8900,6,-1,-1,16,733000000,20,100,0,0,0,0.0,0.0,0.0,0.0
1705684951.765311,3,10.0.0.333195610.0.0.289006,10.0.0.33,31956,10.0.0.2,8900,6,-1,-1,16,695000000,20,100,0,0,0,0.0,0.0,0.0,0.0
1705684951.765311,3,10.0.0.334249710.0.0.289006,10.0.0.33,42497,10.0.0.2,8900,6,-1,-1,16,651000000,20,100,0,0,0,0.0,0.0,0.0,0.0
1705684951.765311,3,10.0.0.334927010.0.0.289006,10.0.0.33,49270,10.0.0.2,8900,6,-1,-1,16,599000000,20,100,0,0,0,0.0,0.0,0.0,0.0
1705684951.765311,3,10.0.0.333721810.0.0.289006,10.0.0.33,37218,10.0.0.2,8900,6,-1,-1,16,540000000,20,100,0,0,0,0.0,0.0,0.0,0.0
1705684951.765311,3,10.0.0.333014810.0.0.289006,10.0.0.33,30148,10.0.0.2,8900,6,-1,-1,16,496000000,20,100,0,0,0,0.0,0.0,0.0,0.0
1705684951.765311,3,10.0.0.332304910.0.0.289006,10.0.0.33,23049,10.0.0.2,8900,6,-1,-1,16,453000000,20,100,0,0,0,0.0,0.0,0.0,0.0
1705684951.765311,3,10.0.0.333414210.0.0.289006,10.0.0.33,34142,10.0.0.2,8900,6,-1,-1,16,414000000,20,100,0,0,0,0.0,0.0,0.0,0.0
1705684951.765311,3,10.0.0.335048410.0.0.289006,10.0.0.33,50484,10.0.0.2,8900,6,-1,-1,16,362000000,20,100,0,0,0,0.0,0.0,0.0,0.0
1705684951.765311,3,10.0.0.336318210.0.0.289006,10.0.0.33,63182,10.0.0.2,8900,6,-1,-1,16,315000000,20,100,0,0,0,0.0,0.0,0.0,0.0
1705684951.765311,3,10.0.0.335276210.0.0.289006,10.0.0.33,52762,10.0.0.2,8900,6,-1,-1,16,270000000,20,100,0,0,0,0.0,0.0,0.0,0.0
1705684951.765311,3,10.0.0.33327010.0.0.289006,10.0.0.33,3270,10.0.0.2,8900,6,-1,-1,16,224000000,20,100,0,0,0,0.0,0.0,0.0,0.0
1705684951.765311,3,10.0.0.331952010.0.0.289006,10.0.0.33,19520,10.0.0.2,8900,6,-1,-1,16,181000000,20,100,0,0,0,0.0,0.0,0.0,0.0
1705684951.765311,3,10.0.0.332713210.0.0.289006,10.0.0.33,27132,10.0.0.2,8900,6,-1,-1,16,142000000,20,100,0,0,0,0.0,0.0,0.0,0.0
1705684951.765311,3,10.0.0.33440310.0.0.289006,10.0.0.33,4403,10.0.0.2,8900,6,-1,-1,16,102000000,20,100,0,0,0,0.0,0.0,0.0,0.0
1705684951.765311,3,10.0.0.334033710.0.0.289006,10.0.0.33,40337,10.0.0.2,8900,6,-1,-1,16,67000000,20,100,0,0,0,0.0,0.0,0.0,0.0
1705684951.765311,3,10.0.0.334196410.0.0.289006,10.0.0.33,41964,10.0.0.2,8900,6,-1,-1,16,20000000,20,100,0,0,0,0.0,0.0,0.0,0.0
1705684951.765311,3,10.0.0.333503210.0.0.289006,10.0.0.33,35032,10.0.0.2,8900,6,-1,-1,15,981000000,20,100,0,0,0,0.0,0.0,0.0,0.0
1705684951.765311,3,10.0.0.332757310.0.0.289006,10.0.0.33,27573,10.0.0.2,8900,6,-1,-1,15,930000000,20,100,0,0,0,0.0,0.0,0.0,0.0
1705684951.765311,3,10.0.0.331111010.0.0.289006,10.0.0.33,11110,10.0.0.2,8900,6,-1,-1,15,879000000,20,100,0,0,0,0.0,0.0,0.0,0.0
1705684951.765311,3,10.0.0.331651510.0.0.289006,10.0.0.33,16515,10.0.0.2,8900,6,-1,-1,15,821000000,20,100,0,0,0,0.0,0.0,0.0,0.0
1705684951.765311,3,10.0.0.332806710.0.0.289006,10.0.0.33,28067,10.0.0.2,8900,6,-1,-1,15,765000000,20,100,0,0,0,0.0,0.0,0.0,0.0
1705684951.765311,3,10.0.0.333221010.0.0.289006,10.0.0.33,32210,10.0.0.2,8900,6,-1,-1,15,726000000,20,100,0,0,0,0.0,0.0,0.0,0.0
1705684951.765311,3,10.0.0.335372810.0.0.289006,10.0.0.33,53728,10.0.0.2,8900,6,-1,-1,15,671000000,20,100,0,0,0,0.0,0.0,0.0,0.0
1705684951.765311,3,10.0.0.333007810.0.0.289006,10.0.0.33,30078,10.0.0.2,8900,6,-1,-1,15,626000000,20,100,0,0,0,0.0,0.0,0.0,0.0
1705684951.765311,3,10.0.0.33786210.0.0.289006,10.0.0.33,7862,10.0.0.2,8900,6,-1,-1,15,570000000,20,100,0,0,0,0.0,0.0,0.0,0.0
1705684951.765311,3,10.0.0.333795610.0.0.289006,10.0.0.33,37956,10.0.0.2,8900,6,-1,-1,15,536000000,20,100,0,0,0,0.0,0.0,0.0,0.0
1705684951.765311,3,10.0.0.333752810.0.0.289006,10.0.0.33,37528,10.0.0.2,8900,6,-1,-1,15,494000000,20,100,0,0,0,0.0,0.0,0.0,0.0
1705684951.765311,3,10.0.0.33681310.0.0.289006,10.0.0.33,6813,10.0.0.2,8900,6,-1,-1,15,445000000,20,100,0,0,0,0.0,0.0,0.0,0.0
1705684951.765311,3,10.0.0.333342810.0.0.289006,10.0.0.33,33428,10.0.0.2,8900,6,-1,-1,15,407000000,20,100,0,0,0,0.0,0.0,0.0,0.0
1705684951.765311,3,10.0.0.335510410.0.0.289006,10.0.0.33,55104,10.0.0.2,8900,6,-1,-1,15,359000000,20,100,0,0,0,0.0,0.0,0.0,0.0
1705684951.765311,3,10.0.0.331559610.0.0.289006,10.0.0.33,15596,10.0.0.2,8900,6,-1,-1,15,319000000,20,100,0,0,0,0.0,0.0,0.0,0.0
1705684951.765311,3,10.0.0.33353010.0.0.289006,10.0.0.33,3530,10.0.0.2,8900,6,-1,-1,15,258000000,20,100,0,0,0,0.0,0.0,0.0,0.0
1705684951.765311,3,10.0.0.335751310.0.0.289006,10.0.0.33,57513,10.0.0.2,8900,6,-1,-1,15,217000000,20,100,0,0,0,0.0,0.0,0.0,0.0
1705684951.765311,3,10.0.0.335414510.0.0.289006,10.0.0.33,54145,10.0.0.2,8900,6,-1,-1,15,173000000,20,100,0,0,0,0.0,0.0,0.0,0.0
1705684951.765311,3,10.0.0.33670510.0.0.289006,10.0.0.33,6705,10.0.0.2,8900,6,-1,-1,15,129000000,20,100,0,0,0,0.0,0.0,0.0,0.0
1705684951.765311,3,10.0.0.333519710.0.0.289006,10.0.0.33,35197,10.0.0.2,8900,6,-1,-1,15,53000000,20,100,0,0,0,0.0,0.0,0.0,0.0
1705684951.765311,3,10.0.0.333617610.0.0.289006,10.0.0.33,36176,10.0.0.2,8900,6,-1,-1,15,7000000,20,100,0,0,0,0.0,0.0,0.0,0.0
1705684951.765311,3,10.0.0.331956610.0.0.289006,10.0.0.33,19566,10.0.0.2,8900,6,-1,-1,14,963000000,20,100,0,0,0,0.0,0.0,0.0,0.0
1705684951.765311,3,10.0.0.335634310.0.0.289006,10.0.0.33,56343,10.0.0.2,8900,6,-1,-1,14,918000000,20,100,0,0,0,0.0,0.0,0.0,0.0
1705684951.765311,3,10.0.0.333278410.0.0.289006,10.0.0.33,32784,10.0.0.2,8900,6,-1,-1,14,854000000,20,100,0,0,0,0.0,0.0,0.0,0.0
1705684951.765311,3,10.0.0.334407710.0.0.289006,10.0.0.33,44077,10.0.0.2,8900,6,-1,-1,14,810000000,20,100,0,0,0,0.0,0.0,0.0,0.0
1705684951.765311,3,10.0.0.333482110.0.0.289006,10.0.0.33,34821,10.0.0.2,8900,6,-1,-1,14,773000000,20,100,0,0,0,0.0,0.0,0.0,0.0
1705684951.765311,3,10.0.0.332524510.0.0.289006,10.0.0.33,25245,10.0.0.2,8900,6,-1,-1,14,714000000,20,100,0,0,0,0.0,0.0,0.0,0.0
1705684951.765311,3,10.0.0.332855010.0.0.289006,10.0.0.33,28550,10.0.0.2,8900,6,-1,-1,14,661000000,20,100,0,0,0,0.0,0.0,0.0,0.0
1705684951.765311,3,10.0.0.336295010.0.0.289006,10.0.0.33,62950,10.0.0.2,8900,6,-1,-1,14,616000000,20,100,0,0,0,0.0,0.0,0.0,0.0
1705684951.765311,3,10.0.0.332668010.0.0.289006,10.0.0.33,26680,10.0.0.2,8900,6,-1,-1,14,578000000,20,100,0,0,0,0.0,0.0,0.0,0.0
1705684951.765311,3,10.0.0.334250310.0.0.289006,10.0.0.33,42503,10.0.0.2,8900,6,-1,-1,14,517000000,20,100,0,0,0,0.0,0.0,0.0,0.0
1705684951.765311,3,10.0.0.334658310.0.0.289006,10.0.0.33,46583,10.0.0.2,8900,6,-1,-1,14,486000000,20,100,0,0,0,0.0,0.0,0.0,0.0
1705684951.765311,3,10.0.0.334760810.0.0.289006,10.0.0.33,47608,10.0.0.2,8900,6,-1,-1,14,442000000,20,100,0,0,0,0.0,0.0,0.0,0.0
1705684951.765311,3,10.0.0.333727110.0.0.289006,10.0.0.33,37271,10.0.0.2,8900,6,-1,-1,14,396000000,20,100,0,0,0,0.0,0.0,0.0,0.0
1705684951.765311,3,10.0.0.333524910.0.0.289006,10.0.0.33,35249,10.0.0.2,8900,6,-1,-1,14,362000000,20,100,0,0,0,0.0,0.0,0.0,0.0
1705684951.765311,3,10.0.0.335632210.0.0.289006,10.0.0.33,56322,10.0.0.2,8900,6,-1,-1,14,314000000,20,100,0,0,0,0.0,0.0,0.0,0.0
1705684951.765311,3,10.0.0.33367410.0.0.289006,10.0.0.33,3674,10.0.0.2,8900,6,-1,-1,14,267000000,20,100,0,0,0,0.0,0.0,0.0,0.0
1705684951.765311,3,10.0.0.332278910.0.0.289006,10.0.0.33,22789,10.0.0.2,8900,6,-1,-1,14,225000000,20,100,0,0,0,0.0,0.0,0.0,0.0
1705684951.765311,3,10.0.0.331247210.0.0.289006,10.0.0.33,12472,10.0.0.2,8900,6,-1,-1,14,173000000,20,100,0,0,0,0.0,0.0,0.0,0.0
1705684951.765311,3,10.0.0.336447710.0.0.289006,10.0.0.33,64477,10.0.0.2,8900,6,-1,-1,14,130000000,20,100,0,0,0,0.0,0.0,0.0,0.0
1705684951.765311,3,10.0.0.331063510.0.0.289006,10.0.0.33,10635,10.0.0.2,8900,6,-1,-1,14,93000000,20,100,0,0,0,0.0,0.0,0.0,0.0
1705684951.765311,3,10.0.0.335110.0.0.289006,10.0.0.33,51,10.0.0.2,8900,6,-1,-1,14,38000000,20,100,0,0,0,0.0,0.0,0.0,0.0
1705684951.765311,3,10.0.0.332644310.0.0.289006,10.0.0.33,26443,10.0.0.2,8900,6,-1,-1,13,991000000,20,100,0,0,0,0.0,0.0,0.0,0.0
1705684951.765311,3,10.0.0.334206410.0.0.289006,10.0.0.33,42064,10.0.0.2,8900,6,-1,-1,13,948000000,20,100,0,0,0,0.0,0.0,0.0,0.0
1705684951.765311,3,10.0.0.33576010.0.0.289006,10.0.0.33,5760,10.0.0.2,8900,6,-1,-1,13,907000000,20,100,0,0,0,0.0,0.0,0.0,0.0
1705684951.765311,3,10.0.0.332210.0.0.289006,10.0.0.33,22,10.0.0.2,8900,6,-1,-1,13,864000000,20,100,0,0,0,0.0,0.0,0.0,0.0
1705684951.765311,3,10.0.0.332456410.0.0.289006,10.0.0.33,24564,10.0.0.2,8900,6,-1,-1,13,825000000,20,100,0,0,0,0.0,0.0,0.0,0.0
1705684951.765311,3,10.0.0.33960710.0.0.289006,10.0.0.33,9607,10.0.0.2,8900,6,-1,-1,13,779000000,20,100,0,0,0,0.0,0.0,0.0,0.0
1705684951.765311,3,10.0.0.33897210.0.0.289006,10.0.0.33,8972,10.0.0.2,8900,6,-1,-1,13,732000000,20,100,0,0,0,0.0,0.0,0.0,0.0
1705684951.765311,3,10.0.0.332648010.0.0.289006,10.0.0.33,26480,10.0.0.2,8900,6,-1,-1,13,692000000,20,100,0,0,0,0.0,0.0,0.0,0.0
1705684951.765311,3,10.0.0.332933910.0.0.289006,10.0.0.33,29339,10.0.0.2,8900,6,-1,-1,13,629000000,20,100,0,0,0,0.0,0.0,0.0,0.0
1705684951.765311,3,10.0.0.331249610.0.0.289006,10.0.0.33,12496,10.0.0.2,8900,6,-1,-1,13,573000000,20,100,0,0,0,0.0,0.0,0.0,0.0
1705684951.765311,3,10.0.0.333535410.0.0.289006,10.0.0.33,35354,10.0.0.2,8900,6,-1,-1,13,529000000,20,100,0,0,0,0.0,0.0,0.0,0.0
1705684951.765311,3,10.0.0.33996910.0.0.289006,10.0.0.33,9969,10.0.0.2,8900,6,-1,-1,13,479000000,20,100,0,0,0,0.0,0.0,0.0,0.0
1705684951.765311,3,10.0.0.332826310.0.0.289006,10.0.0.33,28263,10.0.0.2,8900,6,-1,-1,13,440000000,20,100,0,0,0,0.0,0.0,0.0,0.0
1705684951.765311,3,10.0.0.331587910.0.0.289006,10.0.0.33,15879,10.0.0.2,8900,6,-1,-1,13,400000000,20,100,0,0,0,0.0,0.0,0.0,0.0
1705684951.765311,3,10.0.0.332497910.0.0.289006,10.0.0.33,24979,10.0.0.2,8900,6,-1,-1,13,357000000,20,100,0,0,0,0.0,0.0,0.0,0.0
1705684951.765311,3,10.0.0.331550710.0.0.289006,10.0.0.33,15507,10.0.0.2,8900,6,-1,-1,13,297000000,20,100,0,0,0,0.0,0.0,0.0,0.0
1705684951.765311,3,10.0.0.334477010.0.0.289006,10.0.0.33,44770,10.0.0.2,8900,6,-1,-1,13,246000000,20,100,0,0,0,0.0,0.0,0.0,0.0
1705684951.765311,3,10.0.0.33850910.0.0.289006,10.0.0.33,8509,10.0.0.2,8900,6,-1,-1,13,203000000,20,100,0,0,0,0.0,0.0,0.0,0.0
1705684951.765311,3,10.0.0.33612710.0.0.289006,10.0.0.33,6127,10.0.0.2,8900,6,-1,-1,13,156000000,20,100,0,0,0,0.0,0.0,0.0,0.0
1705684951.765311,3,10.0.0.334758410.0.0.289006,10.0.0.33,47584,10.0.0.2,8900,6,-1,-1,13,94000000,20,100,0,0,0,0.0,0.0,0.0,0.0
1705684951.765311,3,10.0.0.335526010.0.0.289006,10.0.0.33,55260,10.0.0.2,8900,6,-1,-1,13,46000000,20,100,0,0,0,0.0,0.0,0.0,0.0
1705684951.765311,3,10.0.0.332852210.0.0.289006,10.0.0.33,28522,10.0.0.2,8900,6,-1,-1,13,0,20,100,0,1,54,0,0,0,0
1705684951.765311,3,10.0.0.334547210.0.0.289006,10.0.0.33,45472,10.0.0.2,8900,6,-1,-1,12,954000000,20,100,0,0,0,0.0,0.0,0.0,0.0
1705684951.765311,3,10.0.0.331239910.0.0.289006,10.0.0.33,12399,10.0.0.2,8900,6,-1,-1,12,915000000,20,100,0,0,0,0.0,0.0,0.0,0.0
1705684951.765311,3,10.0.0.332769710.0.0.289006,10.0.0.33,27697,10.0.0.2,8900,6,-1,-1,12,855000000,20,100,0,0,0,0.0,0.0,0.0,0.0
1705684951.765311,3,10.0.0.333532110.0.0.289006,10.0.0.33,35321,10.0.0.2,8900,6,-1,-1,12,804000000,20,100,0,0,0,0.0,0.0,0.0,0.0
1705684951.765311,3,10.0.0.33312810.0.0.289006,10.0.0.33,3128,10.0.0.2,8900,6,-1,-1,12,739000000,20,100,0,0,0,0.0,0.0,0.0,0.0
1705684951.765311,3,10.0.0.33166210.0.0.289006,10.0.0.33,1662,10.0.0.2,8900,6,-1,-1,12,675000000,20,100,0,0,0,0.0,0.0,0.0,0.0
1705684951.765311,3,10.0.0.333296810.0.0.289006,10.0.0.33,32968,10.0.0.2,8900,6,-1,-1,12,636000000,20,100,0,0,0,0.0,0.0,0.0,0.0
1705684951.765311,3,10.0.0.335507910.0.0.289006,10.0.0.33,55079,10.0.0.2,8900,6,-1,-1,12,580000000,20,100,0,0,0,0.0,0.0,0.0,0.0
1705684951.765311,3,10.0.0.331404510.0.0.289006,10.0.0.33,14045,10.0.0.2,8900,6,-1,-1,12,529000000,20,100,0,0,0,0.0,0.0,0.0,0.0
1705684951.765311,3,10.0.0.332230110.0.0.289006,10.0.0.33,22301,10.0.0.2,8900,6,-1,-1,12,488000000,20,100,0,0,0,0.0,0.0,0.0,0.0
1705684951.765311,3,10.0.0.333733510.0.0.289006,10.0.0.33,37335,10.0.0.2,8900,6,-1,-1,12,436000000,20,100,0,0,0,0.0,0.0,0.0,0.0
1705684951.765311,3,10.0.0.334358610.0.0.289006,10.0.0.33,43586,10.0.0.2,8900,6,-1,-1,12,377000000,20,100,0,0,0,0.0,0.0,0.0,0.0
1705684951.765311,3,10.0.0.336093210.0.0.289006,10.0.0.33,60932,10.0.0.2,8900,6,-1,-1,12,326000000,20,100,0,0,0,0.0,0.0,0.0,0.0
1705684951.765311,3,10.0.0.333610610.0.0.289006,10.0.0.33,36106,10.0.0.2,8900,6,-1,-1,12,283000000,20,100,0,0,0,0.0,0.0,0.0,0.0
1705684951.765311,3,10.0.0.331129210.0.0.289006,10.0.0.33,11292,10.0.0.2,8900,6,-1,-1,12,240000000,20,100,0,0,0,0.0,0.0,0.0,0.0
1705684951.765311,3,10.0.0.332239210.0.0.289006,10.0.0.33,22392,10.0.0.2,8900,6,-1,-1,12,200000000,20,100,0,0,0,0.0,0.0,0.0,0.0
1705684951.765311,3,10.0.0.332099410.0.0.289006,10.0.0.33,20994,10.0.0.2,8900,6,-1,-1,12,150000000,20,100,0,0,0,0.0,0.0,0.0,0.0
1705684951.765311,3,10.0.0.331294010.0.0.289006,10.0.0.33,12940,10.0.0.2,8900,6,-1,-1,12,102000000,20,100,0,0,0,0.0,0.0,0.0,0.0
1705684951.765311,3,10.0.0.335873510.0.0.289006,10.0.0.33,58735,10.0.0.2,8900,6,-1,-1,12,56000000,20,100,0,0,0,0.0,0.0,0.0,0.0
1705684951.765311,3,10.0.0.334477110.0.0.289006,10.0.0.33,44771,10.0.0.2,8900,6,-1,-1,11,988000000,20,100,0,0,0,0.0,0.0,0.0,0.0
1705684951.765311,3,10.0.0.334372210.0.0.289006,10.0.0.33,43722,10.0.0.2,8900,6,-1,-1,11,939000000,20,100,0,0,0,0.0,0.0,0.0,0.0
1705684951.765311,3,10.0.0.331365510.0.0.289006,10.0.0.33,13655,10.0.0.2,8900,6,-1,-1,11,889000000,20,100,0,0,0,0.0,0.0,0.0,0.0
1705684951.765311,3,10.0.0.33913110.0.0.289006,10.0.0.33,9131,10.0.0.2,8900,6,-1,-1,11,848000000,20,100,0,0,0,0.0,0.0,0.0,0.0
1705684951.765311,3,10.0.0.336139310.0.0.289006,10.0.0.33,61393,10.0.0.2,8900,6,-1,-1,11,793000000,20,100,0,0,0,0.0,0.0,0.0,0.0
1705684951.765311,3,10.0.0.331646410.0.0.289006,10.0.0.33,16464,10.0.0.2,8900,6,-1,-1,11,748000000,20,100,0,0,0,0.0,0.0,0.0,0.0
1705684951.765311,3,10.0.0.335851710.0.0.289006,10.0.0.33,58517,10.0.0.2,8900,6,-1,-1,11,708000000,20,100,0,0,0,0.0,0.0,0.0,0.0
1705684951.765311,3,10.0.0.335591910.0.0.289006,10.0.0.33,55919,10.0.0.2,8900,6,-1,-1,11,656000000,20,100,0,0,0,0.0,0.0,0.0,0.0
1705684951.765311,3,10.0.0.332409310.0.0.289006,10.0.0.33,24093,10.0.0.2,8900,6,-1,-1,11,619000000,20,100,0,0,0,0.0,0.0,0.0,0.0
1705684951.765311,3,10.0.0.336351610.0.0.289006,10.0.0.33,63516,10.0.0.2,8900,6,-1,-1,11,568000000,20,100,0,0,0,0.0,0.0,0.0,0.0
1705684951.765311,3,10.0.0.33663910.0.0.289006,10.0.0.33,6639,10.0.0.2,8900,6,-1,-1,11,522000000,20,100,0,0,0,0.0,0.0,0.0,0.0
1705684951.765311,3,10.0.0.332315710.0.0.289006,10.0.0.33,23157,10.0.0.2,8900,6,-1,-1,11,461000000,20,100,0,0,0,0.0,0.0,0.0,0.0
1705684951.765311,3,10.0.0.332589010.0.0.289006,10.0.0.33,25890,10.0.0.2,8900,6,-1,-1,11,418000000,20,100,0,0,0,0.0,0.0,0.0,0.0
1705684951.765311,3,10.0.0.33116710.0.0.289006,10.0.0.33,1167,10.0.0.2,8900,6,-1,-1,11,375000000,20,100,0,0,0,0.0,0.0,0.0,0.0
1705684951.765311,3,10.0.0.335056910.0.0.289006,10.0.0.33,50569,10.0.0.2,8900,6,-1,-1,11,330000000,20,100,0,0,0,0.0,0.0,0.0,0.0
1705684951.765311,3,10.0.0.334365710.0.0.289006,10.0.0.33,43657,10.0.0.2,8900,6,-1,-1,11,283000000,20,100,0,0,0,0.0,0.0,0.0,0.0
1705684951.765311,3,10.0.0.332883110.0.0.289006,10.0.0.33,28831,10.0.0.2,8900,6,-1,-1,11,247000000,20,100,0,0,0,0.0,0.0,0.0,0.0
1705684951.765311,3,10.0.0.332666910.0.0.289006,10.0.0.33,26669,10.0.0.2,8900,6,-1,-1,11,194000000,20,100,0,0,0,0.0,0.0,0.0,0.0
1705684951.765311,3,10.0.0.333453710.0.0.289006,10.0.0.33,34537,10.0.0.2,8900,6,-1,-1,11,142000000,20,100,0,0,0,0.0,0.0,0.0,0.0
1705684951.765311,3,10.0.0.333030110.0.0.289006,10.0.0.33,30301,10.0.0.2,8900,6,-1,-1,11,77000000,20,100,0,0,0,0.0,0.0,0.0,0.0
1705684951.765311,3,10.0.0.3385110.0.0.289006,10.0.0.33,851,10.0.0.2,8900,6,-1,-1,11,8000000,20,100,0,0,0,0.0,0.0,0.0,0.0
1705684951.765311,3,10.0.0.334925110.0.0.289006,10.0.0.33,49251,10.0.0.2,8900,6,-1,-1,10,966000000,20,100,0,0,0,0.0,0.0,0.0,0.0
1705684951.765311,3,10.0.0.332732710.0.0.289006,10.0.0.33,27327,10.0.0.2,8900,6,-1,-1,10,931000000,20,100,0,0,0,0.0,0.0,0.0,0.0
1705684951.765311,3,10.0.0.334414410.0.0.289006,10.0.0.33,44144,10.0.0.2,8900,6,-1,-1,10,895000000,20,100,0,0,0,0.0,0.0,0.0,0.0
1705684951.765311,3,10.0.0.33115110.0.0.289006,10.0.0.33,1151,10.0.0.2,8900,6,-1,-1,10,854000000,20,100,0,0,0,0.0,0.0,0.0,0.0
1705684951.765311,3,10.0.0.331210310.0.0.289006,10.0.0.33,12103,10.0.0.2,8900,6,-1,-1,10,803000000,20,100,0,0,0,0.0,0.0,0.0,0.0
1705684951.765311,3,10.0.0.336115110.0.0.289006,10.0.0.33,61151,10.0.0.2,8900,6,-1,-1,10,730000000,20,100,0,0,0,0.0,0.0,0.0,0.0
1705684951.765311,3,10.0.0.332121910.0.0.289006,10.0.0.33,21219,10.0.0.2,8900,6,-1,-1,10,681000000,20,100,0,0,0,0.0,0.0,0.0,0.0
1705684951.765311,3,10.0.0.332332310.0.0.289006,10.0.0.33,23323,10.0.0.2,8900,6,-1,-1,10,632000000,20,100,0,0,0,0.0,0.0,0.0,0.0
1705684951.765311,3,10.0.0.33896710.0.0.289006,10.0.0.33,8967,10.0.0.2,8900,6,-1,-1,10,583000000,20,100,0,0,0,0.0,0.0,0.0,0.0
1705684951.765311,3,10.0.0.335289510.0.0.289006,10.0.0.33,52895,10.0.0.2,8900,6,-1,-1,10,529000000,20,100,0,0,0,0.0,0.0,0.0,0.0
1705684951.765311,3,10.0.0.336493510.0.0.289006,10.0.0.33,64935,10.0.0.2,8900,6,-1,-1,10,484000000,20,100,0,0,0,0.0,0.0,0.0,0.0
1705684951.765311,3,10.0.0.336318010.0.0.289006,10.0.0.33,63180,10.0.0.2,8900,6,-1,-1,10,438000000,20,100,0,0,0,0.0,0.0,0.0,0.0
1705684951.765311,3,10.0.0.335581010.0.0.289006,10.0.0.33,55810,10.0.0.2,8900,6,-1,-1,10,401000000,20,100,0,0,0,0.0,0.0,0.0,0.0
1705684951.765311,3,10.0.0.332551110.0.0.289006,10.0.0.33,25511,10.0.0.2,8900,6,-1,-1,10,355000000,20,100,0,0,0,0.0,0.0,0.0,0.0
1705684951.765311,3,10.0.0.331584910.0.0.289006,10.0.0.33,15849,10.0.0.2,8900,6,-1,-1,10,319000000,20,100,0,0,0,0.0,0.0,0.0,0.0
1705684951.765311,3,10.0.0.331904410.0.0.289006,10.0.0.33,19044,10.0.0.2,8900,6,-1,-1,10,249000000,20,100,0,0,0,0.0,0.0,0.0,0.0
1705684951.765311,3,10.0.0.332763810.0.0.289006,10.0.0.33,27638,10.0.0.2,8900,6,-1,-1,10,204000000,20,100,0,0,0,0.0,0.0,0.0,0.0
1705684951.765311,3,10.0.0.334349710.0.0.289006,10.0.0.33,43497,10.0.0.2,8900,6,-1,-1,10,128000000,20,100,0,0,0,0.0,0.0,0.0,0.0
1705684951.765311,3,10.0.0.332742110.0.0.289006,10.0.0.33,27421,10.0.0.2,8900,6,-1,-1,10,85000000,20,100,0,0,0,0.0,0.0,0.0,0.0
1705684951.765311,3,10.0.0.334043910.0.0.289006,10.0.0.33,40439,10.0.0.2,8900,6,-1,-1,10,38000000,20,100,0,0,0,0.0,0.0,0.0,0.0
1705684951.765311,3,10.0.0.335745310.0.0.289006,10.0.0.33,57453,10.0.0.2,8900,6,-1,-1,9,376000000,20,100,0,0,0,0.0,0.0,0.0,0.0
1705684951.765311,3,10.0.0.331104810.0.0.289006,10.0.0.33,11048,10.0.0.2,8900,6,-1,-1,9,371000000,20,100,0,0,0,0.0,0.0,0.0,0.0
1705684951.765311,3,10.0.0.334347910.0.0.289006,10.0.0.33,43479,10.0.0.2,8900,6,-1,-1,9,371000000,20,100,0,0,0,0.0,0.0,0.0,0.0
1705684951.765311,3,10.0.0.335824910.0.0.289006,10.0.0.33,58249,10.0.0.2,8900,6,-1,-1,9,371000000,20,100,0,0,0,0.0,0.0,0.0,0.0
1705684951.765311,3,10.0.0.331302110.0.0.289006,10.0.0.33,13021,10.0.0.2,8900,6,-1,-1,9,371000000,20,100,0,0,0,0.0,0.0,0.0,0.0
1705684951.765311,3,10.0.0.331423810.0.0.289006,10.0.0.33,14238,10.0.0.2,8900,6,-1,-1,9,363000000,20,100,0,0,0,0.0,0.0,0.0,0.0
1705684951.765311,3,10.0.0.333939510.0.0.289006,10.0.0.33,39395,10.0.0.2,8900,6,-1,-1,9,363000000,20,100,0,0,0,0.0,0.0,0.0,0.0
1705684951.765311,3,10.0.0.334281710.0.0.289006,10.0.0.33,42817,10.0.0.2,8900,6,-1,-1,9,363000000,20,100,0,0,0,0.0,0.0,0.0,0.0
1705684951.765311,3,10.0.0.331297010.0.0.289006,10.0.0.33,12970,10.0.0.2,8900,6,-1,-1,9,363000000,20,100,0,0,0,0.0,0.0,0.0,0.0
1705684951.765311,3,10.0.0.331037610.0.0.289006,10.0.0.33,10376,10.0.0.2,8900,6,-1,-1,9,363000000,20,100,0,0,0,0.0,0.0,0.0,0.0
1705684951.765311,3,10.0.0.331509910.0.0.289006,10.0.0.33,15099,10.0.0.2,8900,6,-1,-1,9,363000000,20,100,0,0,0,0.0,0.0,0.0,0.0
1705684951.765311,3,10.0.0.33430010.0.0.289006,10.0.0.33,4300,10.0.0.2,8900,6,-1,-1,9,363000000,20,100,0,0,0,0.0,0.0,0.0,0.0
1705684951.765311,3,10.0.0.332871410.0.0.289006,10.0.0.33,28714,10.0.0.2,8900,6,-1,-1,9,363000000,20,100,0,0,0,0.0,0.0,0.0,0.0
1705684951.765311,3,10.0.0.33670310.0.0.289006,10.0.0.33,6703,10.0.0.2,8900,6,-1,-1,9,310000000,20,100,0,0,0,0.0,0.0,0.0,0.0
1705684951.765311,3,10.0.0.334505510.0.0.289006,10.0.0.33,45055,10.0.0.2,8900,6,-1,-1,9,245000000,20,100,0,0,0,0.0,0.0,0.0,0.0
1705684951.765311,3,10.0.0.3335410.0.0.289006,10.0.0.33,354,10.0.0.2,8900,6,-1,-1,9,197000000,20,100,0,0,0,0.0,0.0,0.0,0.0
1705684951.765311,3,10.0.0.33455410.0.0.289006,10.0.0.33,4554,10.0.0.2,8900,6,-1,-1,9,180000000,20,100,0,0,0,0.0,0.0,0.0,0.0
1705684951.765311,3,10.0.0.335291610.0.0.289006,10.0.0.33,52916,10.0.0.2,8900,6,-1,-1,9,165000000,20,100,0,0,0,0.0,0.0,0.0,0.0
1705684951.765311,3,10.0.0.334466010.0.0.289006,10.0.0.33,44660,10.0.0.2,8900,6,-1,-1,9,152000000,20,100,0,0,0,0.0,0.0,0.0,0.0
1705684951.765311,3,10.0.0.331149210.0.0.289006,10.0.0.33,11492,10.0.0.2,8900,6,-1,-1,9,108000000,20,100,0,0,0,0.0,0.0,0.0,0.0
1705684951.765311,3,10.0.0.334558410.0.0.289006,10.0.0.33,45584,10.0.0.2,8900,6,-1,-1,9,66000000,20,100,0,0,0,0.0,0.0,0.0,0.0
1705684951.765311,3,10.0.0.331801710.0.0.289006,10.0.0.33,18017,10.0.0.2,8900,6,-1,-1,9,29000000,20,100,0,0,0,0.0,0.0,0.0,0.0
1705684951.765311,3,10.0.0.335866710.0.0.289006,10.0.0.33,58667,10.0.0.2,8900,6,-1,-1,8,985000000,20,100,0,0,0,0.0,0.0,0.0,0.0
1705684951.765311,3,10.0.0.33184010.0.0.289006,10.0.0.33,1840,10.0.0.2,8900,6,-1,-1,8,946000000,20,100,0,0,0,0.0,0.0,0.0,0.0
1705684951.765311,3,10.0.0.331132110.0.0.289006,10.0.0.33,11321,10.0.0.2,8900,6,-1,-1,8,912000000,20,100,0,0,0,0.0,0.0,0.0,0.0
1705684951.765311,3,10.0.0.33484710.0.0.289006,10.0.0.33,4847,10.0.0.2,8900,6,-1,-1,8,865000000,20,100,0,0,0,0.0,0.0,0.0,0.0
1705684951.765311,3,10.0.0.334866310.0.0.289006,10.0.0.33,48663,10.0.0.2,8900,6,-1,-1,8,818000000,20,100,0,0,0,0.0,0.0,0.0,0.0
1705684951.765311,3,10.0.0.332369710.0.0.289006,10.0.0.33,23697,10.0.0.2,8900,6,-1,-1,8,766000000,20,100,0,0,0,0.0,0.0,0.0,0.0
1705684951.765311,3,10.0.0.331164310.0.0.289006,10.0.0.33,11643,10.0.0.2,8900,6,-1,-1,8,721000000,20,100,0,0,0,0.0,0.0,0.0,0.0
1705684951.765311,3,10.0.0.333675210.0.0.289006,10.0.0.33,36752,10.0.0.2,8900,6,-1,-1,8,677000000,20,100,0,0,0,0.0,0.0,0.0,0.0
1705684951.765311,3,10.0.0.335075210.0.0.289006,10.0.0.33,50752,10.0.0.2,8900,6,-1,-1,8,624000000,20,100,0,0,0,0.0,0.0,0.0,0.0
1705684951.765311,3,10.0.0.334965410.0.0.289006,10.0.0.33,49654,10.0.0.2,8900,6,-1,-1,8,571000000,20,100,0,0,0,0.0,0.0,0.0,0.0
1705684951.765311,3,10.0.0.331637810.0.0.289006,10.0.0.33,16378,10.0.0.2,8900,6,-1,-1,8,537000000,20,100,0,0,0,0.0,0.0,0.0,0.0
1705684951.765311,3,10.0.0.334126810.0.0.289006,10.0.0.33,41268,10.0.0.2,8900,6,-1,-1,8,497000000,20,100,0,0,0,0.0,0.0,0.0,0.0
1705684951.765311,3,10.0.0.331402210.0.0.289006,10.0.0.33,14022,10.0.0.2,8900,6,-1,-1,8,460000000,20,100,0,0,0,0.0,0.0,0.0,0.0
1705684951.765311,3,10.0.0.335046310.0.0.289006,10.0.0.33,50463,10.0.0.2,8900,6,-1,-1,8,419000000,20,100,0,0,0,0.0,0.0,0.0,0.0
1705684951.765311,3,10.0.0.334439210.0.0.289006,10.0.0.33,44392,10.0.0.2,8900,6,-1,-1,8,361000000,20,100,0,0,0,0.0,0.0,0.0,0.0
1705684951.765311,3,10.0.0.3394510.0.0.289006,10.0.0.33,945,10.0.0.2,8900,6,-1,-1,8,321000000,20,100,0,0,0,0.0,0.0,0.0,0.0
1705684951.765311,3,10.0.0.332627510.0.0.289006,10.0.0.33,26275,10.0.0.2,8900,6,-1,-1,8,284000000,20,100,0,0,0,0.0,0.0,0.0,0.0
1705684951.765311,3,10.0.0.333102910.0.0.289006,10.0.0.33,31029,10.0.0.2,8900,6,-1,-1,8,230000000,20,100,0,0,0,0.0,0.0,0.0,0.0
1705684951.765311,3,10.0.0.334028010.0.0.289006,10.0.0.33,40280,10.0.0.2,8900,6,-1,-1,8,174000000,20,100,0,0,0,0.0,0.0,0.0,0.0
1705684951.765311,3,10.0.0.332831110.0.0.289006,10.0.0.33,28311,10.0.0.2,8900,6,-1,-1,8,119000000,20,100,0,0,0,0.0,0.0,0.0,0.0
1705684951.765311,3,10.0.0.336220810.0.0.289006,10.0.0.33,62208,10.0.0.2,8900,6,-1,-1,8,68000000,20,100,0,0,0,0.0,0.0,0.0,0.0
1705684951.765311,3,10.0.0.332840710.0.0.289006,10.0.0.33,28407,10.0.0.2,8900,6,-1,-1,8,26000000,20,100,0,0,0,0.0,0.0,0.0,0.0
1705684951.765311,3,10.0.0.334082310.0.0.289006,10.0.0.33,40823,10.0.0.2,8900,6,-1,-1,7,990000000,20,100,0,0,0,0.0,0.0,0.0,0.0
1705684951.765311,3,10.0.0.331349610.0.0.289006,10.0.0.33,13496,10.0.0.2,8900,6,-1,-1,7,951000000,20,100,0,0,0,0.0,0.0,0.0,0.0
1705684951.765311,3,10.0.0.335918410.0.0.289006,10.0.0.33,59184,10.0.0.2,8900,6,-1,-1,7,906000000,20,100,0,0,0,0.0,0.0,0.0,0.0
1705684951.765311,3,10.0.0.333533410.0.0.289006,10.0.0.33,35334,10.0.0.2,8900,6,-1,-1,7,857000000,20,100,0,0,0,0.0,0.0,0.0,0.0
1705684951.765311,3,10.0.0.331959710.0.0.289006,10.0.0.33,19597,10.0.0.2,8900,6,-1,-1,7,789000000,20,100,0,0,0,0.0,0.0,0.0,0.0
1705684951.765311,3,10.0.0.331194010.0.0.289006,10.0.0.33,11940,10.0.0.2,8900,6,-1,-1,7,749000000,20,100,0,0,0,0.0,0.0,0.0,0.0
1705684951.765311,3,10.0.0.331692710.0.0.289006,10.0.0.33,16927,10.0.0.2,8900,6,-1,-1,7,701000000,20,100,0,0,0,0.0,0.0,0.0,0.0
1705684951.765311,3,10.0.0.334327210.0.0.289006,10.0.0.33,43272,10.0.0.2,8900,6,-1,-1,7,659000000,20,100,0,0,0,0.0,0.0,0.0,0.0
1705684951.765311,3,10.0.0.33574310.0.0.289006,10.0.0.33,5743,10.0.0.2,8900,6,-1,-1,7,610000000,20,100,0,0,0,0.0,0.0,0.0,0.0
1705684951.765311,3,10.0.0.333554110.0.0.289006,10.0.0.33,35541,10.0.0.2,8900,6,-1,-1,7,575000000,20,100,0,0,0,0.0,0.0,0.0,0.0
1705684951.765311,3,10.0.0.331170510.0.0.289006,10.0.0.33,11705,10.0.0.2,8900,6,-1,-1,7,536000000,20,100,0,0,0,0.0,0.0,0.0,0.0
1705684951.765311,3,10.0.0.33758110.0.0.289006,10.0.0.33,7581,10.0.0.2,8900,6,-1,-1,7,499000000,20,100,0,0,0,0.0,0.0,0.0,0.0
1705684951.765311,3,10.0.0.331853610.0.0.289006,10.0.0.33,18536,10.0.0.2,8900,6,-1,-1,7,455000000,20,100,0,0,0,0.0,0.0,0.0,0.0
1705684951.765311,3,10.0.0.331758310.0.0.289006,10.0.0.33,17583,10.0.0.2,8900,6,-1,-1,7,410000000,20,100,0,0,0,0.0,0.0,0.0,0.0
1705684951.765311,3,10.0.0.331279610.0.0.289006,10.0.0.33,12796,10.0.0.2,8900,6,-1,-1,7,340000000,20,100,0,0,0,0.0,0.0,0.0,0.0
1705684951.765311,3,10.0.0.333874910.0.0.289006,10.0.0.33,38749,10.0.0.2,8900,6,-1,-1,7,293000000,20,100,0,0,0,0.0,0.0,0.0,0.0
1705684951.765311,3,10.0.0.336248910.0.0.289006,10.0.0.33,62489,10.0.0.2,8900,6,-1,-1,7,221000000,20,100,0,0,0,0.0,0.0,0.0,0.0
1705684951.765311,3,10.0.0.333244510.0.0.289006,10.0.0.33,32445,10.0.0.2,8900,6,-1,-1,7,167000000,20,100,0,0,0,0.0,0.0,0.0,0.0
1705684951.765311,3,10.0.0.331047110.0.0.289006,10.0.0.33,10471,10.0.0.2,8900,6,-1,-1,7,103000000,20,100,0,0,0,0.0,0.0,0.0,0.0
1705684951.765311,3,10.0.0.331588610.0.0.289006,10.0.0.33,15886,10.0.0.2,8900,6,-1,-1,7,55000000,20,100,0,0,0,0.0,0.0,0.0,0.0
1705684951.765311,3,10.0.0.333755010.0.0.289006,10.0.0.33,37550,10.0.0.2,8900,6,-1,-1,7,14000000,20,100,0,0,0,0.0,0.0,0.0,0.0
1705684951.765311,3,10.0.0.333675810.0.0.289006,10.0.0.33,36758,10.0.0.2,8900,6,-1,-1,6,957000000,20,100,0,0,0,0.0,0.0,0.0,0.0
1705684951.765311,3,10.0.0.336381510.0.0.289006,10.0.0.33,63815,10.0.0.2,8900,6,-1,-1,6,913000000,20,100,0,0,0,0.0,0.0,0.0,0.0
1705684951.765311,3,10.0.0.333847610.0.0.289006,10.0.0.33,38476,10.0.0.2,8900,6,-1,-1,6,869000000,20,100,0,0,0,0.0,0.0,0.0,0.0
1705684951.765311,3,10.0.0.336119510.0.0.289006,10.0.0.33,61195,10.0.0.2,8900,6,-1,-1,6,828000000,20,100,0,0,0,0.0,0.0,0.0,0.0
1705684951.765311,3,10.0.0.33859610.0.0.289006,10.0.0.33,8596,10.0.0.2,8900,6,-1,-1,6,754000000,20,100,0,0,0,0.0,0.0,0.0,0.0
1705684951.765311,3,10.0.0.33739010.0.0.289006,10.0.0.33,7390,10.0.0.2,8900,6,-1,-1,6,711000000,20,100,0,0,0,0.0,0.0,0.0,0.0
1705684951.765311,3,10.0.0.331044210.0.0.289006,10.0.0.33,10442,10.0.0.2,8900,6,-1,-1,6,659000000,20,100,0,0,0,0.0,0.0,0.0,0.0
1705684951.765311,3,10.0.0.334656910.0.0.289006,10.0.0.33,46569,10.0.0.2,8900,6,-1,-1,6,612000000,20,100,0,0,0,0.0,0.0,0.0,0.0
1705684951.765311,3,10.0.0.33725310.0.0.289006,10.0.0.33,7253,10.0.0.2,8900,6,-1,-1,6,569000000,20,100,0,0,0,0.0,0.0,0.0,0.0
1705684951.765311,3,10.0.0.33399810.0.0.289006,10.0.0.33,3998,10.0.0.2,8900,6,-1,-1,6,533000000,20,100,0,0,0,0.0,0.0,0.0,0.0
1705684951.765311,3,10.0.0.333002510.0.0.289006,10.0.0.33,30025,10.0.0.2,8900,6,-1,-1,6,480000000,20,100,0,0,0,0.0,0.0,0.0,0.0
1705684951.765311,3,10.0.0.33937710.0.0.289006,10.0.0.33,9377,10.0.0.2,8900,6,-1,-1,6,400000000,20,100,0,0,0,0.0,0.0,0.0,0.0
1705684951.765311,3,10.0.0.336476310.0.0.289006,10.0.0.33,64763,10.0.0.2,8900,6,-1,-1,6,358000000,20,100,0,0,0,0.0,0.0,0.0,0.0
1705684951.765311,3,10.0.0.331111710.0.0.289006,10.0.0.33,11117,10.0.0.2,8900,6,-1,-1,6,321000000,20,100,0,0,0,0.0,0.0,0.0,0.0
1705684951.765311,3,10.0.0.332727810.0.0.289006,10.0.0.33,27278,10.0.0.2,8900,6,-1,-1,6,258000000,20,100,0,0,0,0.0,0.0,0.0,0.0
1705684951.765311,3,10.0.0.332647410.0.0.289006,10.0.0.33,26474,10.0.0.2,8900,6,-1,-1,6,207000000,20,100,0,0,0,0.0,0.0,0.0,0.0
1705684951.765311,3,10.0.0.33321910.0.0.289006,10.0.0.33,3219,10.0.0.2,8900,6,-1,-1,6,160000000,20,100,0,0,0,0.0,0.0,0.0,0.0
1705684951.765311,3,10.0.0.334162410.0.0.289006,10.0.0.33,41624,10.0.0.2,8900,6,-1,-1,6,106000000,20,100,0,0,0,0.0,0.0,0.0,0.0
1705684951.765311,3,10.0.0.335555610.0.0.289006,10.0.0.33,55556,10.0.0.2,8900,6,-1,-1,6,8000000,20,100,0,0,0,0.0,0.0,0.0,0.0
1705684951.765311,3,10.0.0.333019810.0.0.289006,10.0.0.33,30198,10.0.0.2,8900,6,-1,-1,5,953000000,20,100,0,0,0,0.0,0.0,0.0,0.0
1705684951.765311,3,10.0.0.33977510.0.0.289006,10.0.0.33,9775,10.0.0.2,8900,6,-1,-1,5,917000000,20,100,0,0,0,0.0,0.0,0.0,0.0
1705684951.765311,3,10.0.0.331118510.0.0.289006,10.0.0.33,11185,10.0.0.2,8900,6,-1,-1,5,885000000,20,100,0,0,0,0.0,0.0,0.0,0.0
1705684951.765311,3,10.0.0.331728710.0.0.289006,10.0.0.33,17287,10.0.0.2,8900,6,-1,-1,5,845000000,20,100,0,0,0,0.0,0.0,0.0,0.0
1705684951.765311,3,10.0.0.33653710.0.0.289006,10.0.0.33,6537,10.0.0.2,8900,6,-1,-1,5,816000000,20,100,0,0,0,0.0,0.0,0.0,0.0
1705684951.765311,3,10.0.0.333114210.0.0.289006,10.0.0.33,31142,10.0.0.2,8900,6,-1,-1,5,776000000,20,100,0,0,0,0.0,0.0,0.0,0.0
1705684951.765311,3,10.0.0.332280110.0.0.289006,10.0.0.33,22801,10.0.0.2,8900,6,-1,-1,5,738000000,20,100,0,0,0,0.0,0.0,0.0,0.0
1705684951.765311,3,10.0.0.336457610.0.0.289006,10.0.0.33,64576,10.0.0.2,8900,6,-1,-1,5,674000000,20,100,0,0,0,0.0,0.0,0.0,0.0
1705684951.765311,3,10.0.0.335349510.0.0.289006,10.0.0.33,53495,10.0.0.2,8900,6,-1,-1,5,632000000,20,100,0,0,0,0.0,0.0,0.0,0.0
1705684951.765311,3,10.0.0.331469510.0.0.289006,10.0.0.33,14695,10.0.0.2,8900,6,-1,-1,5,584000000,20,100,0,0,0,0.0,0.0,0.0,0.0
1705684951.765311,3,10.0.0.336511210.0.0.289006,10.0.0.33,65112,10.0.0.2,8900,6,-1,-1,5,536000000,20,100,0,0,0,0.0,0.0,0.0,0.0
1705684951.765311,3,10.0.0.333036710.0.0.289006,10.0.0.33,30367,10.0.0.2,8900,6,-1,-1,5,499000000,20,100,0,0,0,0.0,0.0,0.0,0.0
1705684951.765311,3,10.0.0.332913910.0.0.289006,10.0.0.33,29139,10.0.0.2,8900,6,-1,-1,5,442000000,20,100,0,0,0,0.0,0.0,0.0,0.0
1705684951.765311,3,10.0.0.333887010.0.0.289006,10.0.0.33,38870,10.0.0.2,8900,6,-1,-1,5,390000000,20,100,0,0,0,0.0,0.0,0.0,0.0
1705684951.765311,3,10.0.0.332666710.0.0.289006,10.0.0.33,26667,10.0.0.2,8900,6,-1,-1,5,318000000,20,100,0,0,0,0.0,0.0,0.0,0.0
1705684951.765311,3,10.0.0.332376510.0.0.289006,10.0.0.33,23765,10.0.0.2,8900,6,-1,-1,5,274000000,20,100,0,0,0,0.0,0.0,0.0,0.0
1705684951.765311,3,10.0.0.333803110.0.0.289006,10.0.0.33,38031,10.0.0.2,8900,6,-1,-1,5,214000000,20,100,0,0,0,0.0,0.0,0.0,0.0
1705684951.765311,3,10.0.0.332234710.0.0.289006,10.0.0.33,22347,10.0.0.2,8900,6,-1,-1,5,158000000,20,100,0,0,0,0.0,0.0,0.0,0.0
1705684951.765311,3,10.0.0.33398710.0.0.289006,10.0.0.33,3987,10.0.0.2,8900,6,-1,-1,5,109000000,20,100,0,0,0,0.0,0.0,0.0,0.0
1705684951.765311,3,10.0.0.336471010.0.0.289006,10.0.0.33,64710,10.0.0.2,8900,6,-1,-1,5,61000000,20,100,0,0,0,0.0,0.0,0.0,0.0
1705684951.765311,3,10.0.0.334412510.0.0.289006,10.0.0.33,44125,10.0.0.2,8900,6,-1,-1,5,20000000,20,100,0,0,0,0.0,0.0,0.0,0.0
1705684951.765311,3,10.0.0.3370210.0.0.289006,10.0.0.33,702,10.0.0.2,8900,6,-1,-1,4,967000000,20,100,0,0,0,0.0,0.0,0.0,0.0
1705684951.765311,3,10.0.0.3385710.0.0.289006,10.0.0.33,857,10.0.0.2,8900,6,-1,-1,4,910000000,20,100,0,0,0,0.0,0.0,0.0,0.0
1705684951.765311,3,10.0.0.332799110.0.0.289006,10.0.0.33,27991,10.0.0.2,8900,6,-1,-1,4,840000000,20,100,0,0,0,0.0,0.0,0.0,0.0
1705684951.765311,3,10.0.0.332577810.0.0.289006,10.0.0.33,25778,10.0.0.2,8900,6,-1,-1,4,797000000,20,100,0,0,0,0.0,0.0,0.0,0.0
1705684951.765311,3,10.0.0.332992610.0.0.289006,10.0.0.33,29926,10.0.0.2,8900,6,-1,-1,4,759000000,20,100,0,0,0,0.0,0.0,0.0,0.0
1705684951.765311,3,10.0.0.333204910.0.0.289006,10.0.0.33,32049,10.0.0.2,8900,6,-1,-1,4,721000000,20,100,0,0,0,0.0,0.0,0.0,0.0
1705684951.765311,3,10.0.0.334479510.0.0.289006,10.0.0.33,44795,10.0.0.2,8900,6,-1,-1,4,682000000,20,100,0,0,0,0.0,0.0,0.0,0.0
1705684951.765311,3,10.0.0.334788810.0.0.289006,10.0.0.33,47888,10.0.0.2,8900,6,-1,-1,4,645000000,20,100,0,0,0,0.0,0.0,0.0,0.0
1705684951.765311,3,10.0.0.331222510.0.0.289006,10.0.0.33,12225,10.0.0.2,8900,6,-1,-1,4,602000000,20,100,0,0,0,0.0,0.0,0.0,0.0
1705684951.765311,3,10.0.0.332284710.0.0.289006,10.0.0.33,22847,10.0.0.2,8900,6,-1,-1,4,554000000,20,100,0,0,0,0.0,0.0,0.0,0.0
1705684951.765311,3,10.0.0.331041310.0.0.289006,10.0.0.33,10413,10.0.0.2,8900,6,-1,-1,4,503000000,20,100,0,0,0,0.0,0.0,0.0,0.0
1705684951.765311,3,10.0.0.333744110.0.0.289006,10.0.0.33,37441,10.0.0.2,8900,6,-1,-1,4,454000000,20,100,0,0,0,0.0,0.0,0.0,0.0
1705684951.765311,3,10.0.0.336169010.0.0.289006,10.0.0.33,61690,10.0.0.2,8900,6,-1,-1,4,411000000,20,100,0,0,0,0.0,0.0,0.0,0.0
1705684951.765311,3,10.0.0.33276210.0.0.289006,10.0.0.33,2762,10.0.0.2,8900,6,-1,-1,4,357000000,20,100,0,0,0,0.0,0.0,0.0,0.0
1705684951.765311,3,10.0.0.334021710.0.0.289006,10.0.0.33,40217,10.0.0.2,8900,6,-1,-1,4,316000000,20,100,0,0,0,0.0,0.0,0.0,0.0
1705684951.765311,3,10.0.0.332938310.0.0.289006,10.0.0.33,29383,10.0.0.2,8900,6,-1,-1,4,268000000,20,100,0,0,0,0.0,0.0,0.0,0.0
1705684951.765311,3,10.0.0.33988610.0.0.289006,10.0.0.33,9886,10.0.0.2,8900,6,-1,-1,4,233000000,20,100,0,0,0,0.0,0.0,0.0,0.0
1705684951.765311,3,10.0.0.336025910.0.0.289006,10.0.0.33,60259,10.0.0.2,8900,6,-1,-1,4,196000000,20,100,0,0,0,0.0,0.0,0.0,0.0
1705684951.765311,3,10.0.0.334769910.0.0.289006,10.0.0.33,47699,10.0.0.2,8900,6,-1,-1,4,156000000,20,100,0,0,0,0.0,0.0,0.0,0.0
1705684951.765311,3,10.0.0.335187710.0.0.289006,10.0.0.33,51877,10.0.0.2,8900,6,-1,-1,4,113000000,20,100,0,0,0,0.0,0.0,0.0,0.0
